用户名,时间,内容,点赞量,sentiment,sentiment_class
千鹤弥天,2024/1/10 20:14,"国际政治教科书的第一页就是，不要用人类的道德标准看国际政治，国际政治只有纯粹的利益关系。
即使是巴铁，也是站在过美国一侧的，只不过美国后来偏向印度所以巴铁才彻底倒向我们。现在巴铁的铁以及我国的援助也是建立在应对印度威胁的大前提下的。但是话说回来，因为两国体量差距过大，即使印度威胁消失了巴基斯坦也大概率会成为依附关系，整体来说两国关系还是相当稳定的🤔",524,1,非常积极
了取昵称,2024/1/30 23:18,我更赞成你的说法。不过这是政治上的，人民之间在政治正常的时候的交流，还是不要代入政治比较好，尽可能保留人性的美好一面。,54,0.999240166,非常积极
不止废话,2024/1/23 11:25,正是深知这份现实，才对这份独特情感异常珍惜。,14,0.999971669,非常积极
涂鸦君装狗,2024/1/10 17:31,"这是我看过关于巴基斯坦最优质和最有营养的自媒视频。
一些自媒刻意去强调中巴明显的生活差距，对巴女性的物化和巴对中国人的仰慕优待，从而达到让某些中国人麻木地沉浸在虚无的优越感之中，同时转化成流量。那种无营养的视频只会加深对中巴关系不准确的固化印象，也会让观众离真正的中巴关系和现实状况越来越远。",420,1,非常积极
无聊的升,2024/1/6 9:18,总结的很客观真实！！！看得出来up的努力，真的对这种经过思考的视频无法扺抗！可惜的是这种有营养的视频在当今浮躁的社会反而没有流量，能竖持看完视频的估计也比较少！但我就是可以坚持看完还能够被感动的其中一个，我为自己感到骄傲！感谢up！！！！,681,0.99997947,非常积极
暴走兄弟,2024/1/7 22:47,谢谢,18,0.596566524,中立
袁梓芊,2024/1/8 22:40,回复 @暴走兄弟 : 看完了，来个赞,4,0.93262202,非常积极
阿咯诶BILI,2024/1/19 13:49,没错，现在非黑即白喊口号的短视频到处传播.. 真的恐怖,2,0.415472086,中立
白水俗人9527,2024/1/10 13:23,我在新疆兵团，是第三代。直到大约几年前，我们种地才不用上缴。你理解上缴吧，带着恶意的说就是你吃不吃饭不重要，但是粮食优先支援国家。但要是不带恶意的说，肯定不会让你吃不上饭，只是有时候天灾让你一年可能负债，明年继续生存努力干好。有点夸张，但往前几十年甚至一代，都是这样。是不是感觉有点惨？但退休一个月基本在3000以上。小城镇建设超过大多数地方，果树棉花和技术扶持，水利电价又让你觉得在这养老挺美。比我去内地看到到的大多数农村好太多。有利有弊，一代付出下一代受益，不知不觉就超过很多地方。,43,0.999999976,非常积极
小手做设计,2024/1/21 5:47,分时间段的，那个时候是国家真的困难，现在国家好了肯定会有优待的，我们南方这边都开始修建文化室以及健身场地。我们这边都是农村的，我们外婆家的公园都修好了,8,0.995019203,非常积极
失落随心,2024/4/28 20:20,大概也就是17-19年开始的政策,0,0.633571324,较为积极
小窦不是小豆,2024/1/8 14:02,"一个普通国民去到一个完全陌生的他国，能受到礼遇说明当地人善良热情，但是能受到超过国民级的待遇，甚至只对我们这样，对其他国家不一样。只说明了我们政府在后面付出的努力更不一般。
你去到别人家里，别人对你热情到极点，对其他家的小孩冷淡无比，只能说你们家大人厉害，而且关系好，而不是他们本来多热情。",676,0.954139619,非常积极
Aaaagggd,2024/1/10 12:30,这视频标题就很有误导性，属于“营销号”操作了。巴基斯坦仅限于隶属政府当局的公职人员有可信度；民间看似热情，有国人被这种假象给忽悠了，对巴基斯坦人疏于防范，导致“翻车”,50,0.986595718,非常积极
钻石打工皇帝狗神,2024/1/7 2:17,我97年生的，我出生的时候一大家子住在土房子里面，电视也只能去看人家的，村里的路也是土路，出行也就自行车了。。。我姐还是俺村第一个大学生，，，20年过去了，村里，已经今非昔比了，以前下雨，路成了水泥路(土路)，现在下雨路是水泥路，家家户户有电视，但并不常看，一座座房子也都是拔地而起，不能说多么富丽堂皇，但至少想买啥都能买到，没事儿淘个快递。村里有能人会搞钱，修建寺庙什么的，算是给大队创收了，广场也建了，市区的公交也通到我们村了，我们的导航也起步，公交都是实时公交了，公交到了就出门，到市区就坐地铁共享单车出去玩儿了，想出门就旅旅游，坐高铁，反正跟开车花的油钱高速费也没差，车买个差不多的就行了，算是应急用的。不想出门就在家打打游戏。现在也在见证国家往高精尖的方向发展，挺感慨的，想起来小时候的农村生活，东西用不起，肉吃不起，教育也落后，买点书都是心疼，课外书我都没看过几本，父母外出务工之后，算是有所改善了。虽说也有贪污的领导，这几年市区领导做的挺厉害的，绞尽脑汁开发商业，吸引游客了，吸引沿海发达地区的人来消费，带动我们地区的经济活跃度。我们年轻人也是绞尽脑汁去城市工作，放假回家消费。发展到现在，可以说是非常的nice属于是,566,0.999999955,非常积极
梦回斯瓦迪亚,2024/1/10 9:09,我93年东北农村的，小时候冬天大半年，只有白菜土豆和酸菜，杀猪了才吃到点肉，不过绝大部分都卖掉了自己只留一点点现在真就是随便吃想吃啥吃啥，十多年前家里人都不愿意考驾照说这辈子根本不可能买车，结果现在差不多人手一辆车了，小时候一直在村里住，冬天拉屎冻的屁股都没知觉了，谁能想到有一天还能住楼房，甚至没想过还能跑到杭州买房定居了，只能说经济和科技发展的太快了，心态都没赶上国家的发展，以前总觉得老一辈接触新鲜事物很慢，智能手机都不会用，结果发现现在各种智能家居，说话就能控制全屋子里所有电器和窗帘啥的，我也是一脸懵逼。,19,0.954299053,非常积极
过眼雲烟_,2024/1/9 11:22,你也挺厉害，考到清华大学,13,0.869948928,非常积极
鹿一十六-牢姜版,2024/1/11 15:36,回复 @bili都只是过眼云烟 :只要你愿意，站里每个用户都可以标一个“清华”,13,0.291013319,较为消极
AI视频小助理,2024/1/26 14:33,"一、作者三次前往巴基斯坦的经历，解答了关于巴基斯坦的疑惑，展现了当地的风土人情和中巴友谊。
00:01 - 巴基斯坦是一个饱受争议的国家，但也是中文互联网上备受关注的中国兄弟国家。
01:44 - 作者喜欢深入目的地，体验当地民俗和文化，为大家呈现平时见不到的内容。
06:11 - 巴基斯坦北部城市吉尔吉特存在社会问题，局势混乱，但当地人的生活依然从容和佛系。
二、作者在巴基斯坦的旅行经历，包括当地人的生活水平、科技水平、交通工具、思想状态等方面，以及与当地人的互动和感受。
07:07 - 巴基斯坦生活水平停留在七八十年代，智能手机不普及。
09:15 - 当地人思想状态与中国不同，没钱人认命，难以跨越阶层。
12:07 - 巴基斯坦局势危险，大巴车配备安保人员保护中国乘客。
三、巴基斯坦边境城市白沙瓦的混乱局面和枪械文化，以及当地人对中国人的态度。同时，还介绍了阿富汗战争难民的情况。
14:13 - 巴基斯坦富人拥有豪华生活，养孔雀和狮子等
15:40 - 白沙瓦局势混乱，枪声频繁，中国游客需住指定酒店
20:24 - 白沙瓦难民营正在修建高端住宅，阿富汗难民将被遣返回国
四、作者在巴基斯坦旅行的经历，包括与当地人的交流、游览城市、乘坐公共交通工具等，同时提到了一些安全问题。
21:20 - 巴基斯坦的穷人吃得很差，扔掉了地毯上的食物
22:03 - 在拉合尔旅行时，需要保镖持枪守卫在身边，感觉比较紧张
25:36 - 卡拉奇有世界上最大的贫民窟，居民生活条件恶劣，日用品都是富人区丢弃的废品
五、中国人在巴基斯坦的地位和待遇，以及巴基斯坦人对中国人的态度和行为，同时也探讨了国家交往和社会交际的复杂性和矛盾性。
28:24 - 巴基斯坦人对中国人的态度很矛盾，真诚和利益混杂。
29:11 - 巴基斯坦人对中国人的优待是有层次和排序的，处于优待的最顶端。
33:41 - 普通巴基斯坦人对中国人的好感可能是因为中国对巴基斯坦的帮助和援助。
--本内容由AI视频小助理生成，关注解锁AI助理，由@粪池里蠕动的苍蝇幼虫 召唤发送",27,1,非常积极
一坨大橘猫233,2024/1/9 22:18,故事的最后，说到四川女孩嫁到巴基斯塔的那个片段，说是待遇很高很好，为什么女孩的微表情表现出来的是焦虑和迷茫呢，而且全家福照片的站位，是站在边缘最角落，看似C位，实则融入不到群体，我在一个离婚的朋友的结婚照上，就看到了这么一幕。,122,0.99999998,非常积极
还可以的柚子,2024/2/29 15:48,这可能是婚姻的常态哈哈哈哈,5,0.98102914,非常积极
loudest_purring,2024/1/7 19:35,就是地缘政治，只要印度还在一天，巴基斯坦都是中国永远的朋友。但是你自己看越南在官方文件上和巴基斯坦第一位是一样的，但是两个国家群众对中国人真的不一样，巴铁确实实至名归，民间对我们很友好,195,0.999997615,非常积极
萝卜booT,2024/1/8 0:36,"笔记
应一楼的话我家也是如此  08年之前家里还是1层两间土房子  村里的情况和视频里巴铁的大差不差 10年到14年村里家家户户基本都修了小洋楼  家家院里都停着小汽车 这一切真的该感谢国家给了让普通人能靠努力过上好日子的机会",177,0.996105641,非常积极
如果和我杠你贏,2024/1/8 18:03,只能说同一个国家也有很大差异，北方很多农村还是没有达到这个标准。,22,0.369239369,较为消极
六枚硬币拿走不送,2024/1/8 23:54,回复 @如果和我杠你贏 :不可能一夜之间都变成这样，都是逐步的，但是你对比看看巴基斯坦，四十年就没怎么变化,32,0.845235586,非常积极
任少校,2024/1/7 22:26,我发现了，凡是大主播过去都有特别关照，一般人过去没有这个待遇的。,61,0.095279188,非常消极
二条院亦华,2024/1/9 9:55,你看完没有，最后总结的很好,19,0.798633201,较为积极
任少校,2024/1/9 18:29,回复 @七月冻结的天空 :看完了，up说的很好，很多人接近你是为了利益，平凡的人反而真心待人。,23,0.999450562,非常积极
kiefff,2024/1/30 17:18,对待朋友，要想着有一天会成为敌人，对待敌人，要想着有一天成为朋友————李世民,31,0.927785976,非常积极
在火锅里惨叫,2024/1/18 10:53,哪儿有那么铁，前段时间还摇摆不定呢。反倾销税收起来也是一点不手软。国与国只有利益，好只能是现在的利益深度捆绑，不好那就是有了更好的利益。,22,0.97825188,非常积极
王樂樂樂樂,2024/1/10 12:42,"笔记
在西安，俩巴基斯坦学生要买机票，南航的工作人员让他们找个中国人帮他们，他们找到了我。我也帮到了他们。",115,0.988912355,非常积极
磁鳝土块,2024/1/14 13:03,好像大爆炸里的raj啊,1,0.380267093,较为消极
水面下的鲸落,2024/1/6 16:40,落后不开放的地区对外人都很热情，这很正常，早个20年，身边有个外国人朋友，也是很有面子的事。,93,0.982232237,非常积极
bili_56384165412,2024/1/6 17:08,两件事没关联的，人性多变，尤其是平头百姓，不是一句话可以概括的,12,0.673520441,较为积极
一枚小气泡,2024/1/7 20:35,因为在我们大部分国人的认知中，或者下意识认知中，社会稳定是最有体会的词，无时无刻能感知到这点，所以不去有些国家就体会不到不稳定的感觉，哪怕我们知道不稳定的后果…所以，去接触有些地方得分时期，有可能只是隔个一二年去同一个地方你会有不同体验，这可能就是原因,21,0.999999586,非常积极
锦鱼儿灬,2024/1/7 16:56,up在视频里面说的一句话说的非常好  没有调查就没有发言权！  希望这种视频可以火起来 让大家看看,117,0.58613933,中立
逼王贝吉特,2024/1/7 21:28,“没有调查权就没有发言权”最早是毛泽东年轻时说的，正是那时他全面调查了农村地区，得出了“城市革命不可能成功，农村起义包围城市才是最可能成功的道路”的基础理念，伟人的话永不过时。,49,0.999999825,非常积极
iiiiiiiiiiiiVR,2024/2/1 19:35,没有全面的调查依然没有发言权，所以还是多看多思考,2,0.983614055,非常积极
思路越来越清晰了,2024/1/6 17:40,巴基斯坦国内有极端组织，而中国跟巴基斯坦的合作更多的是经济层面，一个国家经济增长也会促进社会稳定！当然了这是极端组织不希望看到的，只有动荡和不安才是滋生极端主义的温床,223,0.999968702,非常积极
理解最伟大,2024/1/7 16:55,政府组织架构太混乱了,9,0.715311149,较为积极
Kobe可爱喵,2024/1/7 19:25,巴塔,1,0.5,中立
若三芊,2024/1/7 13:00,看多了这种视屏，你就会发现中国的发展真是世界奇迹！,285,0.999271931,非常积极
鹰酱学论战略,2024/1/7 22:06,绝对的10亿级别工业国，绝对的奇迹,38,0.743954128,较为积极
だいすきzerotwo,2024/1/7 20:43,现代的中国本就是一个奇迹,22,0.914466336,非常积极
我的嘴巴很硬,2024/1/6 13:40,不是很喜欢这种解说式的模式，喜欢亲身现场实录视频那种，没继续看下去抱歉,15,0.86907469,非常积极
我就呵呵了了了呵呵,2024/1/6 17:56,这个视频是个经历总结吧,1,0.771437445,较为积极
不愿氪就卸了吧,2024/5/7 22:11,"你是对的。他带入太多主观思想了。
别人请你吃喝玩乐那么多天，正常理解也应该是朋友了。托朋友给自己留意个对象，竟然被解读成另有企图。
还有厨师也是。任何一个人在得知，自己的职业在另一个地方，收入能翻几十倍的时候，正常反应都是想去收入高的地方工作。那种对话语境，相信全世界90%的人都会跟那厨子一样接话。",1,0.999961502,非常积极
这个爆米花的外皮不甜,2024/1/12 10:12,"一群人总拿利益说话这一点我很反感

我想起我小时候家里找人装修的时候我直接了断的说：“干好了才有钱拿”
我爸听到后直接拍了我后脑勺一巴掌说：“怎么说话呢？”

有时候说话要经过大脑，给对方留一步，这是交流的基本功。直接把人家下一步棋的思想拆穿了，这不仅让人家觉得难堪还有损双方关系。",16,0.902457153,非常积极
我的loser,2024/1/12 23:54,我最早看的就是侣行，他们拍的有好的也有坏的，不可能全都是对人友好热情，大方向是，落实下来就没网上说的那么好，每个人都是独立个体，也是我第一次了解巴基斯坦。,23,0.98996223,非常积极
寡言语梦,2024/1/16 19:22,他两口子 确实比较真。不会说什么多的个人主观臆断，更多的是 实事 见闻 。,3,0.285876025,较为消极
逝云丶,2024/1/9 19:40,只能说，一通下来能看得出巴铁确实是毋庸置疑的，不光是政府与政府的交往，人与人之间也有着历史交融，而就算有人在那遇到了坏事也只能证明这些只是小部分群体的行为，并不能掩盖这个国家对我们的热情，而很多真实情况更多是有人为了钱愿意卑躬屈膝在整天歧视中国人的一些国家里生活，也不愿意看看这些并不是很富裕但真心接纳我们的国家,24,0.999999996,非常积极
wuyam55,2024/1/7 20:18,我之前在新疆就遇到过一个巴铁，他要做大巴又不会中文，正好我跟他的目的地是一样的，就带他去买了车票还给他买了早餐，，，然后我就像个珍惜动物一样，被车上的巴铁们拉着合影,21,0.999987617,非常积极
山财小王同学,2024/1/7 18:15,国强人民则强，国弱则民弱，正因祖国的不断发展，中国人在国外才能越来越受到尊重，希望祖国繁荣昌盛，不光是巴基斯坦，有更多国家才能尊重我们！,23,0.999971625,非常积极
已更新百分之十,2024/1/8 20:13,其实无利益不友谊，关键看付出有没有回报，互惠互利=人情往来，你有求于他，他有求于你，最后朋友演变成可以无条件战略互信，无需相互博弈的伙伴，这是能把后背交给对方的。对无求于你的人，你永远不敢把后背交给他,13,0.999904542,非常积极
理智战胜色性,2024/3/3 21:37,"我看了视频就很感觉巴基斯坦人和中国现在农村的人一样很淳朴，淳朴并不是一个褒义词或者是一个贬义词，而是一个中性词。例如你开车下了大雨或长时间没有吃饭来到来到农村人面前，他会很热情的招待你，但是你若是损害了他的利益，他也会很无赖，哪怕这个他的利益是侵占别人的，并不属于本身自己。
以上这件事是我亲自的感受。",11,0.999999004,非常积极
牛鼻子老道dada,2024/1/6 23:06,曾经一个巴铁留学生找我办事，我悄悄让同事关照，被巴铁听到，他中文不好，但是基本能听懂，他不能中文表达，但热泪盈眶你能明白。这就是友谊的种子。,69,0.999929364,非常积极
不愿氪就卸了吧,2024/5/7 22:03,"带入太多主观思想了。
别人请你吃喝玩乐那么多天，正常理解也应该是朋友了。托朋友给自己留意个对象，竟然被解读成另有企图。
还有厨师也是。任何一个人在得知，自己的职业在另一个地方，收入能翻几十倍的时候，正常反应都是想去收入高的地方工作。那种对话语境，相信全世界90%的人都会跟那厨子一样接话。",4,0.999961502,非常积极
乐意aal,2024/1/6 13:35,我的理解是，这种表现出来的矛盾，总结起来还是古代于现代文明冲击所带来的。因为从古老的文明没有能顺滑的过渡到现代文明。,14,0.999960576,非常积极
我是一条咸鱼啊QaQ,2024/1/10 5:00,巴基斯坦的确会对中国人更友好一点，但是我之前看过一个排视频的在巴铁差点被偷钱包，每个地方都有好人坏人要保持应有的距离和提防,10,0.957279398,非常积极
伤忍轩,2024/1/15 8:51,如果我是巴基斯坦人，我会这么想，我是中国的邻国，而且保持一直友好的睦邻关系，基于以上事实，我避免了被西方帝国主义对我的侵略，并且中国人帮助我们建设，带来了更好的生活，于此同时，中国这种体量的国家不仅不剥削侵略我们，而且不干预我们的内政，至于我们的乱局，中国人从来不渔翁得利，让我们自己解决。中国人的善良和胸怀，感动了我们，是我们的好朋友。,2,0.999999999,非常积极
灵魂在尬舞,2024/3/27 0:45,不要老有人说没有永远的朋友，只有永远的利益。对比一下巴基斯坦，再对比一下越南，朝鲜，世间有质朴就有诡诈，不要看见诡诈后就埋藏所有人对你简单的善念。,5,0.999999921,非常积极
飘过一缕枫,2024/1/10 16:35,中国人的钱包是在世界出名的 任何地区有真善美的人  虽然但是 我认为还是出门在外 不用最大恶意揣测他人 但是也自己长点心眼吧  一个社会制度相对混乱的地区 对你好的背后是复杂因素交织的 巴铁的好我认为更多的是国家层面上的,7,0.999999581,非常积极
梦文学,2024/1/8 16:35,很难得的是，up主是从社会的各个层面来剖析出巴基斯坦人民对于中国的态度。不同阶级的巴基斯坦人对待中国人或多或少都带有一定的目的性，有的是为了宣传中巴友谊，有的是想找中国女朋友，但本质上都是希望能从中国获得更美好的未来，而老一辈的会更加存粹一些，更多的是为了感谢中国人帮助巴基斯坦人民修路。,55,1,非常积极
糖霜小面包,2024/3/22 3:38,很对！！其他旅游博主可能更多的只有接触到底层人民,0,0.932334114,非常积极
糖霜小面包,2024/3/22 3:39,而up主展现了不同层次的巴基斯坦人的情况,0,0.971853408,非常积极
呢识条铁咩,2024/1/11 10:41,"笑死 国家和国家之间别用拟人来形容 国家间讲的是利益 （官方宣传的是一回事）  民众要有清晰的认识  
别到某个时候 突然翻脸了  很尴尬.",41,0.664795186,较为积极
杰奏啦啦,2024/4/1 12:32,确实。我也是这样想的 ，当你苏联老大哥更是情同手足,2,0.98477362,非常积极
Sukielk,2024/1/24 15:34,所有的“铁”不过都是利益交换，最稳定的关系就是利益，无缘无故的好是不长久的，我就喜欢这样的巴铁，互相需要，互相利用,15,0.996162238,非常积极
路过的羊库库老师,2024/4/2 15:09,这样的关系反而透着一股真诚，我也喜欢这样的关系,2,0.54682691,中立
渝大牛,2024/1/6 16:01,对外人不友好的仅是极端者，全世界的普通人只要不损害其利益对人基本上都是和善友好的。,169,0.892444063,非常积极
撒欢的西瓜,2024/1/15 3:11,友好与恶意之间，还有个冷淡,16,0.426439466,中立
流浪男孩青梅煮酒,2024/3/4 11:36,不不不，这只能说明你是友好的，但是别忘记人之初。,2,0.299630978,较为消极
路过的羊库库老师,2024/4/2 14:52,回复 @流浪男孩青梅煮酒 :人性本质是自私，没有利益冲突的情况下选择友善还是冷漠就能说明两方的融洽程度,1,0.999980507,非常积极
内卷失败-码字还债_,2024/1/9 20:44,"有没有一种可能，当省长知道有400多万中国人在关注你的时候你就被特别对待了。   
 像警车护送这种事情哪怕政府在乐意警力资源也是有限的。",14,0.998555244,非常积极
独孤大咸鱼,2024/2/15 13:45,巴基斯坦政府专门设立的机构，用来保护外国游客的，虽然不可能全部像up这样24小时保护，但还是会做到一定程度的安保工作的，这不算浪费警力资源，而是这个部门就是干这个的,5,0.033524709,非常消极
霜天之刃,2024/1/17 1:48,老毕登峰哥在中国也有好几百万粉丝，去了日本，照样被当成麻原彰晃。,1,0.844372462,非常积极
这个跑车我补不到,2024/1/18 20:55,B站一直是我最喜欢的媒体平台，弹幕有趣且温暖，没有贴吧戾气重，比抖音正常，也比微博有趣。但现在我发现B站和这几个平台越来越趋于同质化，弹幕开始二极管化，非黑即白，很多视频看得我甚至想关闭弹幕。,13,0.995231601,非常积极
路过的羊库库老师,2024/4/2 15:03,人多了沙皮自然就多，但可悲的是沙皮的声音最大,2,0.977647559,非常积极
妳以为爱,2024/1/6 21:34,这么好的视频，为什么看的人不多，讲的再真实不过了,41,0.81437077,非常积极
DIO鲨鱼辣椒,2024/1/21 18:28,因为多数人不会考虑去巴基斯坦，无论是旅游还是工作或者长期定居,10,0.951502438,非常积极
hirowl,2024/1/7 22:20,如果有一个国家一直帮助我们，那我也非常赞同优待他们的公民，善意的回报吧。,15,0.888620049,非常积极
我爱薄荷水,2024/5/13 18:24,尼泊尔笑而不语,0,0.480116541,中立
奇妙到处跑,2024/5/13 21:33,回复 @我爱薄荷水 :尼泊尔我是懂信仰的,0,0.988668524,非常积极
流逝微笑,2024/1/7 2:38,人与人的交往平等和友善就是最舒服的,23,0.999059959,非常积极
杜鹤影Elio,2024/1/10 23:44,"牛逼的厨师在国内何止六七千啊。。
就学校快餐档口的厨师都要一万了。。
那都是普普通通的厨师耶。。",14,0.749466378,较为积极
谁看到我的名字了,2024/1/11 6:37,大多数城市小餐馆厨师就是这个工资，但是稍微好一点的餐馆或者高档一点的工资就过万,1,0.323521622,较为消极
黑格の提姆,2024/2/1 18:24,那要看厨艺得多牛逼了。国人有12亿多人工资都不到5000块，六七千已经不错了。,0,0.960219516,非常积极
瑞琪不开麦,2024/1/15 1:12,人和人的关系 说穿了就是利益关系  这很正常 感情当然可以讲 这是之前的恩惠的报答或者说反馈 但就现在而言 有利益的想法 也是正常的  不管是哪个国家的人  或者哪里的人 我们其实都一样,8,0.979837045,非常积极
路过的羊库库老师,2024/4/2 15:08,嗯，有很多人一谈到利益和被针扎了一样其实大可不必，人与人最正常的关系就是利益关系了。,0,0.952513823,非常积极
行走在东拉河上的鱼,2024/1/6 16:49,这是我见过的最客观最理性的国外旅行记录观察up主，其他的都太年轻，缺乏深刻的社会认知，被底层的生存智慧小小欺骗了,13,0.999978247,非常积极
千凌莫羽,2024/1/7 14:54,想去一次，无他，看一下烈士陵园,13,0.396846243,较为消极
殻殻殻殻殻殻子,2024/1/10 15:29,up既然是要做一个正经的记录 那么对于枪械最好是不懂的就实事求是 一定要指明的话最好是去了解过再讲 不要张口就来AK47左轮之类 虽然也有可能是视频剪辑原因导致的 但整个视频只要出现枪械的镜头就基本没有一句是对的上的,5,0.998799784,非常积极
心动电波xddb,2024/1/9 9:54,中肯又有内涵，关注了,11,0.766560804,较为积极
onemingl,2024/1/7 15:50,看完了，就像一个朋友在和你聊天一样,10,0.600016593,较为积极
账号已注销1157952,2024/1/5 19:13,我记得这个视频是发过啊  为啥还发布一次  是做个总结嘛,4,0.168625252,非常消极
暴走兄弟,2024/1/5 20:36,总结,0,0.526232782,中立
账号已注销1157952,2024/1/5 19:14,前面一部分是一样的  后面的话不一样应该是个总结视频,1,0.65455588,较为积极
小艺小艺和小爱同学,2024/1/8 15:37,稳定真的发展的第一条件。看一看我们的国家,8,0.972253695,非常积极
快进到统一,2024/1/8 18:21,UP可以i把与省长互动的视频投稿给共青团账号或者央视,7,0.501769327,中立
彦律,2024/1/9 8:31,总感觉up主像金轮大司马,5,0.118829583,非常消极
一定要暴瘦的王唧唧丶,2024/1/9 10:47,我觉得像大鹏 = =,0,0.5,中立
雪莉酒的男朋友,2024/2/3 20:59,"注意安全🙏√
赶紧缓存√
太敢说了√
up保重√
不要命了？√
先缓存√
最后一期√
保护√
真正的勇士√
up小心一点√
大胆！√",4,0.130107471,非常消极
猫子夹生版,2024/3/4 19:38,为什么我在交友软件上遇到的完全不一样，我一上去就高兴的打招呼 可对方冷静的就像相亲对象一样，首先告诉我们之间没有朋友 国与国之间只有利益……有种奇怪的感觉 虽然他说的没错，,4,0.99960028,非常积极
不知名虫虫,2024/5/1 15:52,我遇到的巴基斯坦人还蛮友善的，主动教我Urdu，邀请我去那玩，说巴基斯坦北部风景很好，值得一看,0,0.999400902,非常积极
昆汀sha强,2024/1/11 15:00,都是巴字头。巴基斯坦和巴勒斯坦怎么就差距这么远呢。如果巴勒斯坦和咱们也是巴铁。此次巴以冲突又会有何种改变。很有意思,2,0.999842069,非常积极
八云叔叔,2024/1/9 17:39,真实且中肯，让我对巴基斯坦有了很直观的真实了解，不再是网上和资料里面所说的巴铁两个字。,3,0.999418308,非常积极
小緑同志,2024/1/8 21:07,很喜欢up的这种记录方式，不去给观众灌输太多主观的想法，而是把自己真实的经历说出来，让大家自己去思考，但我其实也不会根据up的这些经历去下结论，但是是很好的参考，有机会还是想自己到处去看看,3,0.999989962,非常积极
小至有尊宝,2024/1/9 23:57,"笔记
笑死我了，原来巴铁也用国际友好手势",43,0.909626576,非常积极
-Usti-nian-,2024/1/10 21:31,,0,,非常消极
碧桂园门酱,2024/1/14 21:12,,0,,非常消极
化学小白_,2024/5/25 13:25,巴基斯坦很多人对我们的好 都是建立在我们的前辈对巴基斯坦的贡献上的 他们有的人甚至为此付出了生命 永远留在了异国他乡 他们守陵园也是应该的 我们应该感谢那些前辈们 我们在巴基斯坦得到的好 本来都应该是属于他们的,3,0.999999875,非常积极
edc_0731,2024/1/12 20:14,巴基斯坦上班的同事，2021年回来的，说，他们是不准私自去市区的，只能机场到办公区域两点一线。办公区域门口有实弹警卫把守，出行去机场也是防弹车开道。,1,0.973134482,非常积极
做个俗人-知世俗,2024/1/20 11:53,看工作吧，或者说普通人过去没你们想象得这么好，我在这边半年了，什么都看透了,2,0.979676792,非常积极
孟香柏,2024/5/16 22:59,up主好好哦，说话很客观，也不会带有一种让人不适的预言描述别人的友好或者说其他国家的女孩，真的能看出来人品很好啦～关注了,0,0.998139349,非常积极
举相机的斑比,2024/1/9 22:04,因为地缘政治的利益交换是本质，但是由此引导的民间情绪却有一部分当了真，可是事情往往就是专业，一件事，只要当真的人越多，那这件事大概率就会变成真的，这既是指向了部分的巴基斯坦人民，也是指向了部分的我国人民。该如何面对这种情绪呢？认清本质，顺势而为。,1,1,非常积极
姬神空,2024/1/13 1:44,清醒,0,0.926829268,非常积极
舍曲林_CN,2024/1/7 20:48,这个视频是最准确的，目前感觉，其他的视频都是一概而论的,4,0.588730493,中立
夏目jz,2024/2/27 12:36,没必要谁对谁优待，平等互助才是最好的发展，也没必要去占别人的便宜,4,0.599538247,中立
萝卜味薄荷,2024/1/8 20:53,人之常情，自己时刻保持清醒，这个社会是灰色的不是非黑即白，注意安全,3,0.969928573,非常积极
帅气多金且66,2024/1/8 12:00,巴基斯坦的反对派是指巴塔吗？,0,0.691151568,较为积极
Lj5Lg,2024/1/8 13:56,应该是巴解，巴塔是KB针对所有歪果，八戒后面就是三哥支持的只针对兔子人。,1,0.808143551,非常积极
星海联合扫黑办灰风,2024/3/2 12:51,中巴友谊关乎中国国家安全，巴基斯坦所处的地缘位置对中国及其重要，关乎中国对中东的战略输出。,3,0.999999459,非常积极
追风魔头,2024/1/9 8:12,没有全球金融中心的地位和科技地位，必须内卷才能过上好一点的生活，没办法。。,2,0.972883186,非常积极
追风魔头,2024/1/9 8:40,另外我觉得没有目的的好是危险的。。,0,0.666649118,较为积极
无法自拔小白菜,2024/2/19 17:51,我说实话巴基斯坦之所以能和我们这么好是因为我们帮助了太多太多，力度很大。但是，至少从视频里看，大部分巴基斯坦人是对中国友好的。这就足够了其实。我们需要这样的国际伙伴。当然，也不排除这样的小国以后为了利益而倒戈恩人（比如越南和朝鲜），毕竟国家间只有利益。,2,0.99727582,非常积极
-Spike---,2024/1/30 22:03,本来国家层面上友好和国民真实态度和认知如何就未必能完全划等号，比如俄罗斯，其实他们论坛之类的看起来在亚洲里还是喜欢日韩的更多。即使国民普遍喜欢和欢迎某国人也不能说就没特例没危险什么的。我在这边遇到过两个开店的巴基斯坦人，一个开的是kebab就是土耳其中东那种烤肉，他就问我和我朋友是不是中国人，是不是刚来这边，然后闲聊两句说如果遇到有什么问题可以联系他。另一个是开咖喱店的，巴基斯坦和印度挨着饮食就很接近，也是吃这些。前台收银的看到我们是中国人也说了两句比较友好的话。虽然或许只是些客套话不过确实让人感觉挺温暖的。,1,0.999999938,非常积极
亮亮繁星相随,2024/1/7 2:15,朋友跟你铁可能是因为你们长久的相处，陌生人跟你铁可能是因为你能给他带来好处。,4,0.873731254,非常积极
honey_Henry,2024/3/17 13:26,看了弹幕好多人质疑，去查了一下，up主在抖音有464万的粉丝，所以视频没说错,3,0.056251094,非常消极
任少校,2024/1/7 22:33,UP的评价非常中肯，什么地方都有好人也有坏人，,4,0.837968102,非常积极
裘人丶,2024/1/12 19:37,只能说了解很片面，巴基斯坦不管上任是哪派的对中国的政策都是友好的，在巴的恐怖组织都是印度支持的，而印度身后少不了英美的身影,1,0.999626598,非常积极
托垃車,2024/1/8 18:06,UP的视频做的好棒！但是UP看能不能搞成VLOG的那种，就直接在实拍视屏里讲解，单独录制的采访少点.....然后实拍视频多点，实拍原声多点.....,1,0.048823122,非常消极
R-301卡賓槍,2024/1/9 16:38,有些话你只能后期说  有些感受只能后续来谈  他以前的视频都是vlog 啊,2,0.56283873,中立
帕西法尔k,2024/1/9 20:49,博主说出了真实世界的现象，没有无缘无故的好。,3,0.858286957,非常积极
北疆旅人,2024/1/6 13:06,很客观很真实,3,0.891294707,非常积极
树鱼929,2024/2/6 20:25,很有意思的是，在欧洲其实遇到了一些巴基斯坦人。我对巴基斯坦人，因为巴铁的缘故，其实是要比其他人热情一些的，但在欧洲遇到的巴基斯坦普遍对中国人有些冷漠不知道为什么，似乎不知道中巴友谊这回事？,1,0.999972123,非常积极
lawjack88,2024/1/12 1:20,在命理术数的理论：好人≠贵人，坏人≠小人，贵人与小人是一种状态。坏人有时是贵人，好人有时是小人，所以俗语说得好：好心办坏事！,0,0.999960169,非常积极
飞扬960522411,2024/1/6 22:55,为啥要有优待，平等就好,0,0.188172182,非常消极
亮亮繁星相随,2024/1/7 2:18,在不平等下求平等是挺难的。,1,0.775961395,较为积极
大栗子王,2024/1/9 17:27,中国的内卷也可以说是努力有可能改变自身的处境或是阶级。很多国家不内卷的原因是努力一辈子也无法改变自身的处境。再加上中国自古以来的苦难教育，造就了中国独一份的内卷情景。,2,0.999998761,非常积极
生产队旳驴,2024/1/16 19:54,因为你拿着拍摄设备，就算不是记者也是能把看到的带回国的，不管什么派，他们都会尽力去交好一个强大的邻邦，会把最无害友善的一面展现出来，除非是故意挑事的恐怖分子，否则拿摄像机的相对普通人是要安全很多的的,2,0.999989258,非常积极
昆奇-L,2024/4/11 5:19,建议大家也多看看vlog类的，最好是直播，那个更直观，我没去过，但我始终相信，再好的地方也有坏人，再坏的地方也有好人，何况还是一个不发达国家。。。,2,0.941667323,非常积极
今世无悔入华夏,2024/1/6 15:57,等中国强大了，越来越多国家会这样,5,0.974996644,非常积极
chen阿橙,2024/1/7 10:01,互利共赢当然铁了,4,0.707210549,较为积极
Richie5831,2024/1/9 16:56,不是现在都说巴铁不是真的铁？没有去过确实不好判断,1,0.611297527,较为积极
THEBESTChris,2024/1/9 20:58,纯粹的善是稀有的，大部分是为了有利可图，但不代表这种善是低劣的,4,0.43616732,中立
越越越秋,2024/1/10 16:08,我只看到过我们的人会去证明国与国人民与人民之间会有除了利益以外的感情，实在不理解不理解,0,0.980596955,非常积极
itstruBunnies_,2024/1/7 12:42,视频真的很好,3,0.830873439,非常积极
TheFive清风,2024/1/14 17:15,巴美准军事同盟,4,0.979165084,非常积极
青眠谷雨,2024/2/28 19:10,好的，不好的，不好也不坏的，穷的，富的，符合你价值观的，不符合你价值观的，它的任何一面某种程度都是真的。,2,0.969775769,非常积极
丁sting168,2024/1/11 2:31,点赞支持，请问罕萨山顶建筑是不是佛寺？巴基斯坦有佛寺吗？,0,0.997425001,非常积极
萨沙德嘞,2024/1/5 19:07,失踪人口,3,0.440641503,中立
一壶_清茶,2024/1/15 2:28,"Up主还是得注意安全，好运并不会永远倍伴身边，大使馆提出了忠告的情况下，人在海外不能任性啊。
你的第一次巴基斯坦之旅我全程跟了下来并关注了你，这次你的第二次巴基斯坦之旅说真的我不太赞同你的选择，还是要选择在和平的时间出游。",0,0.989958352,非常积极
况一凡,2024/1/10 1:15,疫情前在迪拜呆过三年，跟很多巴基斯坦人共事过。怎么说呢，他们的心态真的很好，每天开开心心工作生活，对中国人也确实好。印象最深的还是他们的奶茶啊哈哈哈,2,0.999999943,非常积极
蒙娜丽莎的丁字裤,2024/1/6 14:07,期初以为是前几期的合集  看完还是有不少没有发过的内容  等了好久这一个系列的更新   看来是没有了  投币支持一下,2,0.871135012,非常积极
汉_唐,2024/1/10 19:52,反对派感觉不是很准确，一般的理解中，反对派是指在野的合法政党，但发动恐怖袭击的肯定不会是合法的，而是地方分离分子或者极端恐怖分子,1,0.985294684,非常积极
御寒我靠,2024/1/7 17:41,很高质量的视频，国与国之间利益永存,2,0.982808389,非常积极
hirowl,2024/1/7 22:23,真心希望全世界劳动人民都能过上点幸福日子,2,0.998896421,非常积极
到这就沉默了,2024/4/25 19:52,一则是因为阶级的固化，二则是因为国家层面，所以想通过外力来实现自身资源优化。可以理解，毕竟真正经历战火淬炼的友谊已被时间洗礼。,0,0.999963495,非常积极
先锋龙骑士,2024/2/22 14:28,不管两国关系怎么样，反正我不会轻易信任他们，因为信任是需要代价的，友善也并不是毫无目的的，还是那句话害人之心不可有，防人之心不可无，更不要随意去泛滥你的善心，这有可能会为你带来灾祸，他们会觉得中国人就该帮助他们。,1,0.999609254,非常积极
e灰白戴夫,2024/1/16 15:06,我觉得最好还是不要随意到别人家里做客吧，毕竟潜在的危险谁都无法意料到,2,0.968028069,非常积极
47443978915_bili,2024/1/10 12:28,100天我个人认为了解深入是不可能的，最起码住个一年半载才有可能了解真实状况。,0,0.180879502,非常消极
咩野谭生,2024/1/9 15:07,这么高质量的纪录片流量却这么少，太可惜了,2,0.771593077,较为积极
蜜桃烏龍好喝,2024/1/13 2:15,说的很好，这个世界不全是善良人,2,0.989763895,非常积极
稻粱苦谋,2024/1/9 18:33,有一点说错了国内并不算真的卷 只是因为各种原因比不得以前，所以搞得好像现在很卷。每个国家其实都差不多 贫富差距只会越拉越大 区别只是中下阶层的生活水平而已,0,0.985742896,非常积极
lake12345,2024/1/12 13:26,确实记录的很好！三连了,2,0.879858609,非常积极
阿磊古,2024/1/10 18:34,Up在外面的时候看着很年轻，在家里拍摄的感觉怎么那么成熟呢,2,0.996299216,非常积极
榎谷,2024/1/8 20:39,你终于舍得出长视频了,2,0.82275082,非常积极
爱人家园,2024/1/7 15:07,整体性来说中国难得去外国有点朋友感觉的国家，但是国家人来说，好人坏人坏事哪来都一样，所有该怎么办就咋办,2,0.9994608,非常积极
这个师兄不太稳,2024/1/15 17:44,你这视频太硬了，我投倆币表示尊敬,2,0.083725363,非常消极
西城败,2024/1/12 1:35,UP如果直接说枪和手枪是不会被人吐槽的，但是因为你在枪这事上张口就来，结果就是造成up的视频可信度降低,0,0.009894776,非常消极
小宝不姓韦小,2024/1/20 17:14,老哥，油管上怎么不更新了呢,2,0.141819153,非常消极
种花兔0726,2024/1/10 22:55,没开倍速全部看完了，很具体，完全结合了实际，很棒很优秀的一个视频,0,0.986183736,非常积极
R-301卡賓槍,2024/1/9 16:47,博主这一期视频真的很中肯！,2,0.848594849,非常积极
棘罪王冠,2024/1/11 15:12,哪个国家都有真诚的人和虚伪的人，只能说巴铁大体上对国人是比较真诚的，有优待是事实，但是没营销号吹的那么夸张。不过那地方也确实比较危险，还是尽量别去，不是不支持巴铁兄弟，自己的命也很重要,1,0.852624885,非常积极
hg0315,2024/1/7 2:25,莫忘世上苦人多！,2,0.63866782,较为积极
粗暴的小学生,2024/1/11 18:22,如果大使馆告诉你去了之后要小心，那就一定要小心了，普通游客在告知期还是不要去，不要玩命。,1,0.009544987,非常消极
LION_breeze,2024/1/20 16:34,国家之间和人与人之间是不一样的，国家的实控人不断变化，不可能是永远的朋友，永远的只是利益。所以别铁不铁的宣传，容易误导国民。,0,0.865326899,非常积极
85号赛车选手嘿嘿嘿,2024/1/12 11:41,up主有勇有谋，拍的又好，总结的又很有深度，佩服。,1,0.989864651,非常积极
魏蔚然,2024/1/7 19:10,念稿的声音对视频观看不太有利，建议提升一下,0,0.565834696,中立
开心郭郭,2024/1/8 15:59,中巴关系越铁=中印关系越差，反之亦然,2,0.875579274,非常积极
DogPanzer,2024/1/16 20:42,不是所有木仓都叫AK47......,1,0.155436973,非常消极
绪名,2024/1/7 20:32,"见证了一次呢
似乎世界很复杂多变
仅仅个人而言你们所经历皆所忘
我们不意味着他们的好
也不是媒体的播放量
于此同时我们要有更高的楼层所展望",1,0.998426515,非常积极
樱木JM,2024/1/27 22:52,很客观，很全面，给你点赞,0,0.897894339,非常积极
肃正Vitality,2024/1/13 22:11,UP啊= =以后咱就说枪吧.....AK47有点出戏啊...没别的意思就是一个建议...,1,0.072976844,非常消极
源分ori,2024/1/17 5:52,我看到视频中巴基斯坦人有很多与印度的相似之处，怎么区分谁是印度人谁是巴基斯坦人呢,1,0.999857082,非常积极
__啦啦噜__,2024/5/27 1:41,现在在泰国旅游，去路边的小饭店吃晚饭，突然旁边一个外国大哥把我拉起来去取冰块，说是看我们一直在擦汗，跟我们说这里有免费的冰块，非常热情一直在聊天，搞得我很疑惑，刚表达完感谢大哥就说“No problem，I'm from Pakistan”那一刻真的很感动,0,0.902010228,非常积极
零崎陆識,2024/1/25 14:32,政府舆论引导的力量，你帮助他们援助他们他们可能成巴基斯坦也可能变成之前的越南，援助的行为不变只是政府的引导不同，巴基斯坦和印度这么相像也完全可能因为政府的引导变成印度那样对我们的态度，世界上那么多仇视中间都有人挑拨，本都可以和谐相处合作共赢。,0,0.999999557,非常积极
gujunalex,2024/1/20 0:33,这是我见过最好，最真实，最朴实的巴基斯坦见闻，非常喜欢这种风格，非常感谢作者,1,0.9999859,非常积极
微电法王,2024/1/7 20:13,3.27 10块人名币？,2,0.284185968,较为消极
蝈蝈MC69,2024/3/14 13:06,态度也是看人的，疫情时候，我闲着没事在外网上聊天，一个巴基斯坦大叔，上来就自我介绍，问我能不能帮他搞到中国护照，他是大车司机，生意不好做，希望能来中国工作，当时就很无语，外国人这么直接么，不熟的人都能这么直接的要求。,0,0.177600085,非常消极
MikuMikuAr111,2024/3/3 16:52,19年去过一次，卡拉奇和拉合尔感觉还行，大城市基本都不太乱，上档次的地方都查的很严，去山顶的一个比较好点的酒店吃饭都是荷枪实弹的保安和金属探测仪查车。飞机到站就去坐大巴，路况整体来说凑合，就是路窄车多，开的都慢，不过好在能用的货币多，而且网络虽然速度慢，但2g回个消息也能做到，就是手机卡太贵了,1,0.079082013,非常消极
BanSau班寿,2024/1/28 10:25,此时，一名松下射手发现了桌上摆着一部看着像S1H的机器，于是果断一键三连。,1,0.700790328,较为积极
下北泽神医,2024/1/10 21:14,巴基斯坦，基本全靠第三方势力资助才能在印度的攻势下支撑下来，当然巴基斯坦的军队本身战斗力也确实还行，但耐不住内部不稳定，加上太落后，这个国家的发展前景连阿富汗都不如。,1,0.999609854,非常积极
乌云5,2024/1/13 12:35,up好白啊，有什么特别的护肤技巧吗,1,0.799630533,较为积极
等-碗孟婆汤,2024/2/19 14:28,通过政府在巴基斯坦建代工厂成本会比国内低，这样能提供就业机会，让底层人民赚些基本的生活费用。。。,0,0.996078348,非常积极
平静的聆听暖风,2024/1/9 20:09,UP  没有去看飞哥吗？飞哥也是巴基斯坦  星光村！,0,0.711634437,较为积极
花芝丸糯米,2024/2/13 22:45,我在看很有意思的up主 加油 2024年拒绝无内涵没营养的超短视频,0,0.857486537,非常积极
迷途千年,2024/1/14 18:04,非常中肯的评价，谢谢！,1,0.642030533,较为积极
努力戒碳,2024/1/7 20:46,这么长的视频。我居然看完了，句句干货，没一句废话，真不错，奈斯,4,0.179383447,非常消极
迪亚波罗IV,2024/1/8 23:08,如果一个国家的最底层贫民，能无任何附加条件地帮助一个中国人，叫声巴铁并不为过；同时，任何一个国家的权贵阶级，与任何人交往，都是带着目的，他们没有什么所谓的信仰。,1,0.999978266,非常积极
hirowl,2024/1/7 22:27,目前我所知道的叙利亚、伊拉克、巴基斯坦都是对我们抱有极大善意的国家,1,0.969001363,非常积极
亦木木木-,2024/1/12 8:58,在英国，我和我同学遇到的所有巴基斯坦人，一听说我们是中国人，都立刻笑起来，说着bro，积极帮助我们,1,0.997319628,非常积极
光影迷梦,2024/1/20 0:58,其实都一样，我们普通人一个月几千一万多点的工资，那些有钱人出去溜达一下一天也会花我们一个月好几个月甚至是更多的工资,1,0.123367993,非常消极
sank-star,2024/1/14 21:32,社会矛盾应该不小吧，希望不要因为对政府的不满转变为对中国的仇恨，普通人太难了,1,0.993089895,非常积极
Dふ也,2024/1/9 1:54,UP结尾那段你是真懂怎么说话啊，你真棒啊，哈哈哈哈。不过我个人还是幻想浪漫一些好。,1,0.999916288,非常积极
浔初Ri,2024/5/11 22:21,很中肯,1,0.787701295,较为积极
雪白的蛋糕,2024/2/7 20:52,中国女的可不容易交往 也就那边的富二代有这实力给彩礼钱 又有房子 又有车的，但话说回来 一个女的真去那生活 习俗完全都不一样 适应期也得有勇气的，总之不容易，，，,1,0.997808335,非常积极
Kylee凯尔,2024/1/9 23:04,之前去弗洛伦萨旅游，在一个景区买可乐，然后商店的小哥看到我是亚洲面孔就问我是哪里的，我说中国，他让我猜他是哪里的，我随口一说Pakistan？他说说是的，我们是好朋友，一段奇妙的经历,0,0.963995718,非常积极
兔里兔气的菜狗,2024/1/7 20:58,很真实的评论，upup,1,0.751429505,较为积极
乌贼鱿鱼没有脊椎,2024/1/13 18:53,一带一路不仅仅是经济层面的,1,0.975136219,非常积极
BAYANSKY,2024/1/11 13:59,成长了，从上次蒙古国被宰，到现在成为老江湖，旅途上的坎坷重塑了每个人的。加油兄弟,1,0.999918665,非常积极
懂亿点滑铲的达,2024/3/3 22:41,这几年看过最有深度的视频。赞,1,0.955337403,非常积极
庸人应劫,2024/1/23 13:55,铁是血换的！没有无缘无故的感情~,1,0.542320078,中立
随性的梵高,2024/1/10 22:01,白沙瓦的不应该叫反对派，应该叫反政府武装,1,0.046872183,非常消极
看電影玩遊戲,2024/2/14 0:57,利益这种东西不用深究，论迹不论心，论心无完人,1,0.920726448,非常积极
千江寂,2024/1/8 0:25,非常好的视频，结论比较公正,1,0.688160492,较为积极
48号萤火虫,2024/3/15 7:58,谢谢你分享的巴铁视频 让我看到了真善美,1,0.991989646,非常积极
锅锅酱集,2024/3/27 17:37,这经历评论很中肯了,1,0.788929111,较为积极
琦羰不琦0,2024/1/8 21:36,希望祖国强大，希望文化交融，希望人民富足，希望世界和平,1,0.999953689,非常积极
施-福卜斯-嚯,2024/3/10 11:29,人要长大到一定程度，长“老”了，才懂得善意的珍贵。,0,0.99123582,非常积极
瑞瑞潇潇,2024/1/14 15:31,留两个币吧，up很棒,0,0.749872902,较为积极
大少年小沧桑,2024/2/7 20:23,巴基斯坦政局混乱我一直都知道，但巴军方与中国始终同心，这点存在，中巴友谊就不会崩,0,0.989527546,非常积极
815小日子寄快递,2024/5/20 0:12,人性啊，不能考验，一考验准失望，论迹不论心吧,0,0.808133579,非常积极
BILI×2,2024/1/22 12:39,感谢up主展示了世界的参差,0,0.991428301,非常积极
番茄king啊,2024/2/4 21:32,这个视频很真诚，给所有真诚做视频的up点赞！,0,0.962689217,非常积极
试试又如何,2024/1/5 20:47,点赞投币了，最初关注UP也是那时候UP主，在白沙瓦街头的视频,1,0.900039938,非常积极
JeanWan,2024/1/29 15:09,比20岁还没去过星巴克有活儿，有深度,0,0.774190691,较为积极
读万里路,2024/2/1 13:47,真诚和利益不矛盾的，大多是真诚的利益。,1,0.854685989,非常积极
pikey2002,2024/1/8 20:48,一个多月不见了，欢迎回归,1,0.692740399,较为积极
邓子子,2024/1/28 17:17,视频做的很好 很客观,0,0.874329072,非常积极
畫欲子,2024/1/19 12:30,@高雨田大魔王- 那，高雷师叔，您也知道我喜欢巴基斯坦特产，但是您去吗？！,1,0.996250419,非常积极
马中秋马导弹马光伏,2024/1/6 21:36,很好，很客观。,1,0.833242583,非常积极
猫宁morning丶,2024/2/4 8:12,讲的真好,0,0.759469848,较为积极
麦田的镰刀,2024/1/27 17:05,互联网确实是连接世界的好东西，全时机普通民众都是一样的，极端分子都是少数。,0,0.996308019,非常积极
蓝帽子委员会CCCP,2024/2/28 21:51,有光明的地方，就会有黑暗 人性本应如此 有酸就会有甜,0,0.99612162,非常积极
fsh怪兽,2024/1/12 12:54,很喜欢这样娓娓道来的视频,1,0.98963122,非常积极
kainimaa,2024/1/22 2:21,即使没去过巴基斯坦，看到这个视频我也不经的挺起了胸膛。,0,0.848186075,非常积极
吃鸡精骨质疏松,2024/2/2 6:43,看完点赞~！世界就是这么真实，人也是这么真实。,0,0.999745101,非常积极
玮仔二八了,2024/1/13 19:23,up很诚恳,0,0.649758424,较为积极
骨傲天手下,2024/1/20 8:03,大家都珍视这段友谊吧,0,0.959357063,非常积极
Y易江南Y,2024/1/10 21:05,你凭什么觉得自己能得到另外一个人无缘无故的纯洁友谊？不管是友谊还是亲情，爱情都是需要经营的，是需要维护的，是需要付出的好吧！前人栽树后人乘凉，你还想只摘果子不去爱惜养护这树？,0,0.999998334,非常积极
JELENAJUSTIN,2024/1/11 16:36,好👍,0,0.631785371,较为积极
李狗李狗泥,2024/1/11 2:02,很好的记录片,0,0.760943873,较为积极
居家学习到几点,2024/1/20 21:51,设备拍的好清楚啊,0,0.492638172,中立
冬天的尽头是春天,2024/1/21 19:57,这一期是以前的大集合啊,0,0.605583247,较为积极
dongdonghit,2024/1/6 3:19,可咋整？怎么越来越好~,0,0.601413306,较为积极
灵若PPQ,2024/1/9 21:28,我去的可能就不会 我社恐,0,0.091515739,非常消极
猫咛Day,2024/5/19 19:07,认识的很深刻了,0,0.90552719,非常积极
fbkmqj,2024/1/10 16:20,希望中国政府能对巴铁更好点,0,0.842905674,非常积极
冰辰r,2024/1/11 17:31,up主这种旅行才是真正的旅行者！,1,0.750974019,较为积极
Enona,2024/5/19 22:58,利益是永远的朋友,0,0.811655045,非常积极
耀眼的日常,2024/1/8 3:51,魔幻，有点难受,0,0.965401305,非常积极
民宣小分队小分队长,2024/1/10 19:24,几年前就看了他的所有视频,1,0.78188443,较为积极
蓝屏本瓶,2024/2/21 20:45,客观！,1,0.458333333,中立
华丽的旅行,2024/1/30 3:09,"走到中东,才知道生在一个强大稳定的国家是多么的幸运,..祖国万岁.",1,0.999459034,非常积极
六零_斯卡雷特,2024/1/8 3:15,视频看完了，中巴友谊万岁~,1,0.984018849,非常积极
渡_Li,2024/1/7 17:20,好真实。,1,0.842910493,非常积极
厉星v,2024/1/31 17:59,为什么这么铁你给我钱，给我援助，我也跟你铁,0,0.434720101,中立
慧慧店长,2024/5/8 17:53,up好帅,0,0.5,中立
千古第一大变态,2024/3/12 11:15,学会了，以后出去玩带摄像机,0,0.780482918,较为积极
隐么,2024/1/8 13:24,利益嘛，不管那个国家都一样,1,0.808830466,非常积极
bili_52259003545,2024/1/7 13:04,都是人，很正常。,1,0.731332211,较为积极
魅族首席型号命名官CNO,2024/1/7 2:07,好久不见，兄弟,1,0.148010889,非常消极
骨傲天手下,2024/1/20 7:48,中国在全世界都在种善因结善果,0,0.965334434,非常积极
奇异的和弦,2024/1/10 13:08,拿的是散弹枪，不是AK47.,1,0.348243502,较为消极
任聪聪Vlog,2024/1/10 21:09,是人都会有目的的，没办法。,1,0.150433685,非常消极
bili_23342440911,2024/3/12 10:00,冷知识:白沙瓦以前是佛教圣地,0,0.952769577,非常积极
凯子BOY,2024/2/23 16:35,我家以前有个伊拉克客户，很多年前送了我们一根象牙，也不知道他怎么带进中国的,0,0.448694771,中立
LynyrdSkynyrd_,2024/1/14 11:34,这还能看到我潮汕特产,1,0.686544945,较为积极
雨神-萧句腾,2024/1/7 14:37,感谢这位特工up,1,0.678254191,较为积极
五菱萌主新洲分萌,2024/1/27 15:17,国与国之间就没有永远的真正的友好,0,0.943669644,非常积极
大温象,2024/1/7 13:58,我还有你的微信up，好久没刷到你的视频了，以前经常看,1,0.735427997,较为积极
Psy_Trance,2024/1/8 21:06,这贫富差距，有种洛斯曼的美感。。。,1,0.796935381,较为积极
我来探探路呢,2024/1/31 21:50,利益为先，别想太多,0,0.086549514,非常消极
根跟根,2024/1/26 15:20,竖 打错了 坚持 我说看半天呢有点奇怪,0,0.086878207,非常消极
苍云,2024/1/29 22:12,巴基斯坦同时是中国和美国的友好国家。,0,0.990627987,非常积极
幻想东方梦,2024/5/14 20:35,每个国家的富人生活都差不多，但是穷人天差地别。,0,0.960907182,非常积极
Mee_nuka,2024/1/27 18:33,唏嘘,0,0.875,非常积极
愚人foool,2024/5/14 5:12,一谈到合作国家，那就是没有朋友只有利益，天天搁这念经呢，连善意都不被允许释放，那不是求着别人变成敌人？合作友善的时候不去维护这个关系，难道要等到关系破裂了再行动？在这种友好的大环境下硬泼冷水降温，我不理解这是一种什么行为,0,0.002952272,非常消极
韩增浦,2024/2/17 19:59,内卷是因为给你卷的机会，给你上升通道，再难也是有的，但是国外基本是没有上升通道这种东西的，财富，地位，甚至知识技能都是世袭的,0,0.989531352,非常积极
LucioHanzo,2024/4/9 20:42,up好帅,0,0.5,中立
情妙淡喜,2024/5/18 20:08,从来不觉得巴基斯坦有多铁，都是利益趋动。本质上，巴和印的国家生态一样，就凭这个，你就能想象这个国家的状态了,0,0.999852082,非常积极
常圣妖,2024/4/7 7:47,如果你想要一个简单的答案，那这个视频就是如看，但如果你带着脑子，这视频还是有参考价值的,0,0.937230674,非常积极
bili_27503239219,2024/2/19 15:30,@点点,0,0.762772117,较为积极
小豆包咪,2024/1/10 21:28,保姆司机护卫管家，全球皆准！~~,1,0.177270762,非常消极
丶逍遥叹丶,2024/2/23 21:29,贫富差距大不是每个国家都有的嘛，有啥好奇的,0,0.959181318,非常积极
额_滴_神_啊,2024/1/9 12:36,六七千哪里请厨师啊，我们这四线小城市，请个主厨都要一万多好多,1,0.374255102,较为消极
埃克225,2024/1/10 2:23,新疆90年代也有那种微型车拉客的！现在没有啦。,0,0.74668104,较为积极
那年e十八,2024/1/6 11:53,关注日打卡,0,0.66672274,较为积极
真英雄不近女色,2024/1/10 8:22,up是做什么的，怎么那么有钱，老是出国探险，我可以跟着混么,1,0.974379678,非常积极
white-dryad,2024/1/29 19:48,豪车这一段我几年前好像看过,0,0.726676669,较为积极
听英语故事催眠,2024/1/8 1:19,刘海有点长呢，兄弟,0,0.894150458,非常积极
小化同学本人,2024/1/7 18:35,29:25:00,0,0.5,中立
Azmsrfan,2024/1/14 18:48,这是玳瑁眼镜吗,0,0.144337461,非常消极
桥头半仙南宫,2024/1/24 0:51,利益，说到底还是利益问题,0,0.580325264,中立
沸腾369,2024/1/21 22:09,机场索要小费，几百块钱，是人民币还是当地卢比？,0,0.057358451,非常消极
holaBzhan,2024/2/6 15:28,卡拉奇那小伙怎么联系啊？,0,0.863053056,非常积极
神之所幸,2024/1/7 21:47,"笔记
为啥喜欢找中国人要小费，因为出去旅游的很多中国人很有钱。最近法媒贴了一篇报道，说这两年中国游客减少了，他们损失了多少多少钱啥的。他们用的单词，dépensière,这个单词就是爱花钱的，奢侈无度的意思，前面还加了个très ，就是very的意思，就是非常爱花钱的。去巴黎老佛爷等地方逛，很多中国人在那边大把大把买奢侈品。我之前去克罗地亚的斯普利特玩，在那边饰品店逛的时候老板知道我是中国人专门拿出他们家珍藏的珊瑚项链给我看，他还有专门的微信群，说是很多中国人从他们家订那些珊瑚饰品，一个几千欧的项链大把中国人买。中国有钱人真的太多了，导致很多老外遇到中国人都想捞点。",35,0.999711071,非常积极
LynyrdSkynyrd_,2024/1/14 12:00,贫富差距真的太大了，在贵州的一个小地方见过雪天凌晨背着还不会走路的小孩出来捡破烂的，也见过当地车牌的劳斯莱斯,4,0.016153265,非常消极
这个昵称还没有人用过才怪,2024/1/9 20:59,"曾经在巴基斯坦工作生活过一段时间。
关于针对中国人的恐怖袭击这些，博主提到了反对派，其实这背后不一定是反对派的锅。

因为国家利益的关系，现总理谢里夫派，和反对派前总理，对华基本政策都是友好。
国内矛盾的话，边境省邦是后加入的，与中央政府的向心力没有南方省邦那么大。
但仅限于国内矛盾，并不会转移到中国人身上。

中国人受袭击的罪魁祸首，是在巴的恐怖组织。
尤其是白沙瓦这种北部山区、靠近阿富汗，反恐难度比较大。
官方的消息是，部分恐怖组织是受境外势力资助（印度相关）。

不管什么原因吧，出门在外还是要注意安全。",695,0.999999996,非常积极
长猫的尾巴,2024/1/27 22:18,"我记得六年前我去的时候，就发生过一起，忘了名字叫什么，是一个村子。一声响，然后我还没反应过来。旁边的一个穿白的帅哥就把我一把拉倒在地，然后拽着我钻到桌子底下。我才反应过来，大概是恐怖袭击。关键是，那帅哥还紧紧地把我压在他身下，真的。后来我差点哭死，他用蹩脚的英语对我说，你是我们的兄弟，不能让你出事。
回国两年后，我也才知道，马哈迪没了。说实话，我难受了好久。但身体状况不再允许我远行，所以每年我都会在祭奠我姥和我父亲的时候，会给他烧点纸，这也是我现在能做到的了。
真的，没想到还能看到这样的一个视频，那些回忆一下子又回来了。真心希望巴基斯坦再无战争，好好发展。也希望那些心存歹念的暴徒尽快死光！",88,0.076836296,非常消极
天--痕,2024/3/29 10:35,"据中国驻巴基斯坦大使馆消息，3月26日下午当地时间1时许，中方企业承建的开普省达苏水电站项目车辆在途中遭遇恐怖袭击，造成5名中方人员、1名巴方人员遇难。
巴还是很危险的",0,0.04513635,非常消极
天依酱是我老婆,2024/1/15 19:40,"中国人的勤劳品德到了up嘴里成了内卷？
麻烦你们不要创造词语！！！
中国人是很勤劳的，他们愿意多多加班这就是他们勤劳的体现，把那些不勤劳的工作摸鱼的同事排挤走，公司能更有效率的。
勤劳加班在你们眼里成了内卷，
在公司愿意多干活也被你们嘲笑内卷，
这个社会已经进入了一种畸形，那些少干活摸鱼的人只会喊着内卷卷死他们了，他们却从来没有沉下心来多做事少说话，那些低头默默工作的勤劳的劳动人民在你们的键盘下成了内卷的典型。
何其可笑！何其悲哀！！！",0,0.999856286,非常积极
UnstoppableDream,2024/1/16 1:25,乐 卷王卷到最后全给老板做贡献了,0,0.974871098,非常积极
猫生叹气,2024/1/26 20:08,为啥你会把内卷2字想的那么坏，内卷对于消费者来说是好事啊,0,0.001411531,非常消极
记忆的片段,2024/1/8 13:24,我认为，巴铁对我们的好，不是因为我们发现的好，不是因为国家厉害，最主要是因为巴基斯坦物质文明的落后，人民特别是底层人民还没被各种物质利益所干扰，在没有其他利益熏心的时候，或是没有利益交换的时候，所对你的好那才是发自内心的真诚。像up所说，看那些顶层人士不也都是带着目的去认识up吗？这就像极了七八十年代的我国，大家贫富差不多，生活差不多，人与人之间就很单纯，对你好都是发自内心。等巴铁经济发达了，有些感情也随之会变的……,532,1,非常积极
悍匪绿皮,2024/1/9 5:23,不，不论是两国之间还是两人之间，是否能长期友好需要在共同的利益基础上能够相互理解、共同经营才行，少了哪个都不行，单一哪方努力都不行，和经济是否发达没有必然关系，富有富的交往方式，穷有穷的交往方式，关键还是要看有没有共同利益、能不能相互理解、有没有共同经营,92,0.999997605,非常积极
鲁滨逊大石,2024/3/13 17:24,回复 @悍匪绿皮 : 说的太赞了，果然评论区有大神！！！,0,0.430213682,中立
镇江造船大专,2024/1/9 2:15,穷山恶水生刁民，这句话是怎么来的？,47,0.513504183,中立
鲨皮芭拉很性感,2024/1/31 13:36,像很多中国建交的小国家其实对国人都很欢迎，去伊朗感受尤其明显，10月份巴以冲突的时候我在自由塔，结果转头进了德黑兰整个城市就升起黑旗了，感觉阿拉伯波斯人是真的不care老美，说干就干，我们另一个团是美籍华人团，他们因为美国护照的原因处处碰壁，但是感觉之所以他们还能进伊朗的最大原因就是他们曾经是中国人，在伊斯法罕能一路被一群人拉着说话有时候过度热情还挺让人害怕的......,0,0.999999632,非常积极
陳勝王,2024/1/30 20:44,"我并不希望“因为自己来自中国所以被优待”
因为我知道不管出生自哪个国家都会有恶人，如果上述条件为真那一定百分之百会有“假借中国人身份去巴基斯坦行蛮横霸道之事的人”
以心换心便好，我善待他人，然后才有资格希望他人善待自己
因为过去国策亲中所以觉得巴铁每个人都是巴铁那就是以偏概全。同样因为现在出了个亲西方政府班子所以觉得他都反中了那同样是以偏概全。
还是那句话二极管要不得",2,0.999999688,非常积极
骑个比名字真难,2024/1/24 23:58,巴铁不是无缘无故来的，其实最主要的是印度，巴铁曾经想依靠美国的，不过美国可能兴趣不大，这事要推远了，其实是英国佬留下的后遗症，藏南也是英国佬的杰作，巴铁这地理位置决定了目前只能依靠中国，没得选，不然根本没法和印度对抗，印度其实有点毛病，总想和中国一争高下，中国人既没有侵略它，也没有殖民过，你说它是不是有毛病，国与国的友谊是建立在利益之上的，巴铁是中国人一厢情愿的说法！,0,0.999999996,非常积极
詹思圆,2024/1/10 15:14,怎么感觉巴基斯坦有点像   诸葛亮治理之后的蜀地一样的描述。，人人感恩戴德，各种发誓维护好这份情感，因为谁谁谁来这里发展了，这里改天换日，从贫民窟变成了城市，那么他们过来接近中国人也是为了有个机会参与到新的发展吧，给你送东西的目的应该是让你宣传吧，，毕竟你走的比较多，比较远，理论上就是免费的广告牌,0,0.999892704,非常积极
雪月蓝沙,2024/1/24 17:44,感觉就像70年代前中期我在外滩看到黄头发蓝眼睛的外国人一样，当年我们收入一个月几十块，中国的物价在他们眼里低的不可思议。但凡你能和一个洋人拉近关系，肯定是有人想要点什么，甚至于有的人嫁给洋垃圾（外国捡垃圾的人）也无所谓。作为一个过来人，祖国的强大，才是如今我们富足有底气的前提。,3,0.999575387,非常积极
只爱我的国,2024/3/10 11:03,枪支泛滥，蚊子贼多，我待的地方离卡拉奇还算近，一年中只有12月和1是凉快的时候，其余的时候都是38度左右，炎热季节最热干到50度，但是当地人不错（当然仅限于男人啦哈哈），女人基本是是不会跟你打招呼的都是躲着走，可能是因为宗教问题吧，还是因为我们吃猪肉不干净？,0,0.990230946,非常积极
虚空-cheems,2024/1/18 20:25,我觉得铁是地缘原因，巴基斯坦旁边挨着印度这个大国而且印巴有冲突。一个小国旁边挨着大国，谁不紧张？想要寻求帮助只能找我们，一来二往，我们出人、出资金、帮助他们基建、巴政府也大力宣传，这不就铁上了吗（仅为推断，若有不恰当地方将删除）,1,0.683849622,较为积极
蓝蔚海天,2024/1/19 21:50,巴基斯坦和沙特是主要合作对象,0,0.790852759,较为积极
西苑五栋218,2024/1/10 21:16,up主也没说这些优待是应该的，他也说了优待中国人的原因，反倒是评论区学了几句永远的利益云云，到哪都刷刷刷，up主好歹是自己去看过感受过的，比弹幕评论不懂多了？我因为工作原因也经常接触巴基斯坦和中东国家的军人，对up记录的有些内容也是深有体会,110,0.999924934,非常积极
下北泽神医,2024/1/10 21:28,官方层面的友好大都是为了利益驱使，但民间也有不少是实打实的感激中国的付出，算是用前辈的牺牲换来的。,29,0.999979699,非常积极
从寒虾,2024/1/8 17:01,"巴基斯坦在中国的宣传很成功！
这个国家对中国有着天然的威胁，一个靠近中国的有核国家，代表西部战略纵深荡然无存，对巴基斯坦，最好能分成几个国家，然后无核化
让一个国家拥核去制衡另一个有核国家，这种策略绝对有问题，看看周边已经多少国家拥核了！",3,1,非常积极
星河河心,2024/1/25 14:41,"但凡懂一点地缘政治和一带一路，你就能知道巴基斯坦的铁不是巴基斯坦说了算，而是中国说了算。
巴基斯坦位于一带一路主干道，是西出中亚的道路正中心，并且和伊朗互射弹道导弹，轰炸了各自境内俾路支，为一带一路清理路途障碍，这根本不是铁不铁的问题。",2,0.993804683,非常积极
阎魔爱awa,2024/1/16 15:45,巴基斯坦现在这么动荡，我印象中不少恐怖分子，比如说那个萨拉菲，如果打内战，他有政权的话，还会跟中国保持友好吗？而且巴基斯坦是多党执政吧之前一直以为巴基斯坦有核，还能跟印度保持对立，经济和军事应该都可以的，没想到内忧外患,0,1,非常积极
toliks9977,2024/2/13 14:52,UP我觉得你不要乱带节奏，巴巴羊就是狗大户沙特的打手，还和土鸡斯坦眉来眼去的。种花家的输出给巴巴羊一些东西，主要是为了战略利益，出于对印度阿三的制衡考虑的。国家间没有什么铁不铁的，都只是为了各自的利益使然，别自嗨乱带节奏。,1,0.998056458,非常积极
麻婆神甫,2024/1/9 16:58,但凡了解一下近50年他们是怎么过的，我们做了什么，都不会对这份友谊感到哪怕一丁点的疑问。现在最大的问题是，他们国内有大量美国和印度养的狗，军阀和极端组织割据，中央对地方的控制力太弱了，无法预防袭击，只能事后不计牺牲的报复。,0,0.999970838,非常积极
花间酒一,2024/2/6 1:49,我的巴基斯坦朋友说选举过后巴基斯坦那边彻底乱了，说是人们写上一个好的领导人上去，是坏的领导人不满意，疯狂谋杀支持他的人 ，他朋友的父亲就被杀害了，他说他那里现在充满了谋杀，叫我不要去巴基斯坦。,0,0.999330517,非常积极
爱吃芝士汉堡的耿鬼,2024/1/9 8:46,就这么说吧 并不铁。以前招兼职有来我们这里大学读书的巴基斯坦学生应聘，本着中巴友好关系选了她，结果一副要不完的样子，做事不认真不说没到结算日就天天问薪水能不能先发。还都把自己当优待人员一样。,4,0.005147512,非常消极
鲁滨逊大石,2024/3/13 16:55,国与国之间交往终究还是要落实到社会阶层上的，只谈国家，那只是宏观层面，与具体的群体是两回事，江苏这边有一句名言：老乡老乡背后一枪。即便是所谓的老乡，那也得看人，将心比心，以诚待人，人人为我，我为人人，你背后给我一枪，当然也要把枪还击，至少也要远离这种人及时止损,1,0.9999985,非常积极
迪亚波罗IV,2024/1/8 23:09,如果巴基斯坦的最底层贫民，能无任何附加条件地帮助一个中国人，叫声巴铁并不为过；同时，任何一个国家的权贵阶级，与任何人交往，都是带着目的性，他们没有什么所谓的信仰，只有利益。,0,0.999940875,非常积极
Nikori鱼蛋,2024/1/7 11:05,我真的很纠结，内心很纠结。每次看到这些地方我都深感祖国一带一路的伟大和困难，或许等我们的目标实现那天，他们也可以获得幸福吧……,3,0.999973845,非常积极
我就呵呵了了了呵呵,2024/1/6 18:07,一切的问题都是宗教的问题！每个人都知道，但都不去挑破，这是最可悲的！局内人不愿被挑破，因为这是他们的信仰；局外人不敢去挑破，因为都知道一神教的疯狂！所以，他们有救么？,3,0.990353924,非常积极
艾瑞尼斯卡,2024/1/10 1:33,我很好奇，派一个警察跟着，其实并没有多大用吧，普通民众不会有危害，真有危害的，一个警察顶用吗？真要绑了你，两三个人，一棍子敲了警察就把人拉走了。,0,0.977686018,非常积极
喀法咖啡,2024/1/31 11:37,在其他国家，跨越阶层几乎不可能，所以那里的人才会不去努力。就像是美国的黑人。然而在中国，跨越阶层要容易许多。所以才会有那么多人想要努力。,2,0.996959291,非常积极
引饮隐,2024/1/16 1:53,说的看似很理性，总体都是阳光的一面，另外找个中国的另一半能提升社会阶层？如果不是说的是巴基斯坦，我会想到缅北那些网红怎么博取国人关注的！,1,0.999941982,非常积极
西郭先森丶,2024/1/26 13:04,大概20年前，我还是小孩的时候，也坐过那种突突车，在国内的小县城。 女人孩子坐在车斗里面，男人扒在车厢外面，要下车了就敲敲驾驶舱的后座。,0,0.895986428,非常积极
Zoezzz19,2024/1/17 12:33,所以咱们就是说在巴基斯坦这么穷困挣扎的国家，一个政府官员的宅邸修的如此富丽堂皇，又堂而皇之的邀请外国媒体去拍摄，真真的是一个匪夷所思。,3,0.987215367,非常积极
蓝蔚海天,2024/1/19 21:51,至少得有个能看的建筑,0,0.577891696,中立
猫生叹气,2024/1/26 20:04,"中国帮助越南, 越南反咬一口那就是白眼狼
中国帮助巴基斯坦, 巴基斯坦群众表现的非常友好就是中国的狗
某些人反正怎么样都能骂起来",2,0.997018793,非常积极
传说中的贺哥哥,2024/1/7 20:32,就单说这个过路不给钱，自己本国人跟其他国家都要给钱这一点，就已经是非常非常非常高的待遇了，这他么还不是优待是什么，客观存在的事实,1,0.018690207,非常消极
jtwmr,2024/3/4 13:10,因为中国人在巴基斯坦出事的概率很高，这是巴基斯坦政府很是辣手的问题，只能在一些混乱的区域由安全人员提供保护，并不是什么缘故。,1,0.634421638,较为积极
西郭先森丶,2024/1/26 13:20,阿富汗的难民，有点难说，因为有一部分是因为当了汗奸，怕被塔利班清算才逃难的，还有一部分是因为害怕塔利班政府逃难的普通民众。,0,0.243776701,较为消极
谁不想当周jie呢,2024/3/12 16:25,【又有国人在“巴铁”出现人身意外！外国媳妇听闻要去买武器自保！-哔哩哔哩】 又有国人在“巴铁”出现人身意外！外国媳妇听闻要去买武器自保！,1,0.999591642,非常积极
樱I狼恋,2024/1/7 18:18,希望有靠谱的中介，介绍巴铁的女生嫁过来，国内男生实在太卷了，结婚都怕被骗彩礼 至于宗教原因，至少本人可以妥协。,0,0.999293285,非常积极
飘过一缕枫,2024/1/10 16:59,去巴铁找媳妇的 还是谨慎吧  本站内也有不少 多搜搜多看看 之前出过很大的事多看看新闻,0,0.707280696,较为积极
李舜死-,2024/1/24 2:53,一群阿三罢了，没有什么铁不铁大家仁智见仁智者见智，有脑子的人自己会去了解不要听信一些一边倒的媒体宣传巴铁很铁铁你吗,3,0.988523446,非常积极
老桑家的地主,2024/1/8 11:36,大使馆都提醒你不要去，然后你还是要去。得亏你没出事儿，出事儿了又得麻烦大使馆吧。所以是一个自私的傻叉,2,0.023944284,非常消极
帅锅歪歪,2024/1/5 22:39,整个南亚都很穷，和非洲半斤八两，只不过人口比非洲密集，人口数量多，综合国力还凑合，普通人生活和非洲差不多,1,0.836302105,非常积极
老K造物社,2024/1/22 15:14,我爱人做外贸  有过一些巴基斯坦客户  做了几次 坚决不做了  整天只会说好朋友好朋友  但很多都是吹牛皮的骗子,0,0.893670091,非常积极
香格里拉蓝香肠,2024/1/22 15:59,当地局势不稳，可能某一天打仗了，人们辛辛苦苦工作攒下来的家当会全部被夺走，人们自然也就不会很卖力的工作赚钱了,0,0.711495413,较为积极
Mr刘先森KT,2024/1/15 13:04,看完UP的视频我深受启发，那么问题来了，要如何才能交到一个巴基斯坦的富二代女朋友呢？,0,0.990612372,非常积极
jijianm,2024/1/5 23:31,你会对一个对你大方 又变相保护你国家的人不好吗？他们得了好处感谢他们的神，坑你也是坑异教徒 不算罪过。,1,0.132118001,非常消极
清洛Rainn,2024/3/10 22:33,小李在巴基斯坦四年了，都只能说，不好说不好说。没我们想的那么好，只要你对他没啥好处了，也就普普通通了。,0,0.019332457,非常消极
馋甜点的奶茶,2024/1/28 18:21,巴基斯坦搞恐袭的组织是在三个国家境内的，伊朗也有，他们想独立建国，在所在地反动，支持者是印美。,0,0.95044539,非常积极
自古紅色三倍速,2024/1/8 15:37,"09:49
全球不都一样吗？意思是，你在中国努力卷了，就能卷成“马X”“马XX”那样的有钱人？",0,0.234031503,较为消极
逍遥大神棍,2024/1/9 15:46,巴基斯坦对中国唯一的好处就是石油，可是我加的汽油8元多，所以巴铁在™的铁也是扯淡。。。。。。,1,0.859961767,非常积极
另一个草薙,2024/1/9 17:08,巴基斯坦 有石油卖给我国吗？我记得  我国进口石油  的前十国家没有巴基斯坦吧,1,0.999715807,非常积极
大少年小沧桑,2024/2/7 20:19,站在美国这边没什么，这点军迷界的多少知道点。你不能强求一个小国硬战队，中立对小国是最好的选择,0,0.933153875,非常积极
就爱鬼畜,2024/1/11 17:59,视频里基本没什么女性露面，巴基斯坦的男女地位差距也跟印度一样吧，毕竟过去这两是一家，男尊女卑,0,0.999178262,非常积极
聪明小能猫,2024/1/14 8:58,美国用印度牵制中国，中国需要巴基斯坦牵制印度，就是这么一层简单的政治关系，别加戏了各位。,1,0.999949336,非常积极
hirowl,2024/1/7 22:18,很佩服你们这些敢去一些争议国家的冒险者，很羡慕，但是作为女性是绝对不敢单身去这些国家的。,1,0.999403105,非常积极
小至有尊宝,2024/1/10 0:05,有没有发现up除了专门拍摄女性之外他们接上一个女性都没有，拍的街景全是男的，没有一个女的,0,0.930547528,非常积极
昆虫单于可汉大帝,2024/1/7 2:33,造谣中巴友谊的基本都是台独，港独，公知，二狗子，还有被洗脑没有脑子的人，中巴友谊万岁。,1,0.999776764,非常积极
暖栀山雾,2024/5/28 15:51,你说的可不只是你所看到的，更多的是你主观的一些臆想，你把所有对你的好都和利益扯上关系了,0,0.148064036,非常消极
画祤,2024/3/5 13:39,巴基斯坦比较属于小国亲美搞好关系又没啥问题，美国这个吊国什么状态谁还不清楚，没事找事。,0,0.789890808,较为积极
聚光灯之下的祝福,2024/3/5 16:31,国际关系本来就是多样化，比如印度更我们关系差却和俄罗斯关系好,0,0.986159189,非常积极
疯疯更健康,2024/1/15 11:20,这标题瞬间没有看内容的兴趣了，虽然看评论好像内容不是这么一回事，但是标题党自己选的路嘛,0,0.670024528,较为积极
心理镜面,2024/1/7 12:55,中国人在巴基斯坦会得到相对应的优待但不是对所有中国人全面展开优待政策的照顾~,1,0.999832403,非常积极
Makise丨kuris,2024/1/8 14:44,抗印？不存在的，两个发展中国家本身并没有深仇大恨，因为青藏高原存在，印度那边进攻中国很难。可以的话中印更想当个友好邻邦。不过巴基斯坦是得依靠中国的,1,0.975153323,非常积极
小小悟龟,2024/2/19 4:29,因为我们强 如果弱了 你看看还会有几个国家和你铁  和做人一样 有钱朋友就和你铁！,0,0.954051883,非常积极
___XionGJialE---,2024/1/24 9:49,"印度：听说隔壁跟中国很铁？让我看看这么个事！
（一顿挨揍后）
印度：还真是。。。",0,0.990566984,非常积极
传说中的贺哥哥,2024/1/7 20:48,"这个也是AK47,上面车上那个还是AK47，只要是枪就他么给我叫AK47",0,0.884914075,非常积极
小冄魂,2024/3/28 11:13,关键不稳定，稳定才能有人去旅游，谁也不会冒着生命危险去，希望能尽快处理掉反对派,0,0.741499997,较为积极
Damonmo1,2024/1/19 11:21,您好博主，我司的返点辛苦给安排下，一直不回复微信也没法解决呀，我们会一直跟进。,0,0.000473328,非常消极
良の助理,2024/1/10 11:50,他们那边的新闻联播 也是说咱们好吧  一阵一阵的  亲美  亲日的时候也一样,1,0.956328291,非常积极
GoldenWitch贝阿朵,2024/1/7 18:56,伊斯兰国家总让我感觉和现在的现代化国家格格不入，就像大清搞什么洋务运动一样。,1,0.953710905,非常积极
玉米独尊,2024/1/5 22:22,我一开始真以为那个富二代是喜欢你哈哈，谁让你那么帅呢,1,0.960298724,非常积极
Damonmo1,2024/1/19 11:22,您好博主，我司的返点辛苦给安排下，一直不回复微信也没法解决呀，我们会一直跟进,0,0.000473328,非常消极
阿狸573993580,2024/1/18 13:44,恐怖袭击不一定是白沙瓦的反对派，很有可能是啤卢之解放军（国际认定的恐怖组织）,0,0.314085958,较为消极
Sbeusv,2024/1/29 15:30,别忘记了本.拉登就是巴基斯坦的人吧，虽然他搞霉国，但是不可否认还是恐怖分子,0,0.973528313,非常积极
Sbeusv,2024/1/29 15:33,所以在外还是要小心,0,0.282854419,较为消极
只爱我家宝贝,2024/1/24 17:26,我仔细看了下UP主这期视频，街上真的很少或者几乎没有女人，宗教真的太可怕了,0,0.909884111,非常积极
si1verrain,2024/1/17 1:21,"不管怎样都要保护要自己哪都有好人和坏人不是,除了中国没有再更安全的地方了",1,0.965741984,非常积极
血腥乄瑪麗,2024/1/8 16:43,感觉这种无条件的信任会被人利用，被恐怖分子利用，带去他家或者作坊然后遇害,0,0.862600455,非常积极
没意思退了,2024/4/4 19:54,有贫富差距很正常，如果有钱人都得靠武装保护自己，那普通人肯定更不好过，,0,0.975895387,非常积极
o909o909321,2024/1/7 12:23,除了石油土豪国家外其他的伊斯兰国家经济社会方面总体上跟新疆比怎么样啊？,0,0.985663515,非常积极
目目佳瞿,2024/4/11 22:41,不愧是b战给我推那么高质量的视频，看这些长视频总比女人扭屁股好看多了,0,0.991980829,非常积极
蓝纹环带章鱼,2024/1/7 1:24,把我带着去他们村  一群人拿着AK  我吓都吓死了,1,0.106824429,非常消极
疯狂不是堕落,2024/1/16 23:11,哥，最大的贫民窟在阿三孟买，你去哪里瞅瞅你就知道那个最大了,0,0.130211249,非常消极
蓝蔚海天,2024/1/19 21:51,在孟加拉国的达卡,0,0.729795391,较为积极
遇到高手就跑,2024/1/8 3:27,巴基斯坦对中国已经很不错了，去日韩的都知道 不歧视你都属于走大运了,0,0.991823958,非常积极
我和太阳有个约定,2024/1/5 19:37,巴渣倒是听过，从没有听说过巴铁，跟阿三一个德行,6,0.363410515,较为消极
风薰夏记忆,2024/1/7 11:00,"国家强大了朋友自然也就多了,甚至还可以养狗,比如漂亮国",2,0.999375522,非常积极
cx233,2024/2/6 20:59,社交就是利益场，真诚与利益也不冲突，就看吃相好不好,0,0.914740714,非常积极
东风破晓,2024/1/12 22:01,反正正确理性的看待吧，就别传别信什么中巴友好写入宪法的什么玩意,0,0.967920029,非常积极
狼与基尔克,2024/3/17 13:20,说实话还是先别去了，没出事还好，出了事就得被国内外的网友声讨,1,0.11582061,非常消极
椰绒_Yael,2024/1/22 9:56,当地也很怕中国人出事，产生国家之间的矛盾，所以派人持枪保护,0,0.987012189,非常积极
迷之漆黑魔导师,2024/3/26 19:17,就是1979年美驻伊朗大使馆被占那件事，有可能被复刻一手,0,0.926518145,非常积极
BSXRB,2024/1/16 19:46,为什么整个视频基本看不到女性，巴基斯坦女性都不让上街么？,0,0.869631779,非常积极
Omni-Man,2024/1/15 4:20,01:01 大胡子的眼神爱上了UP噜,0,0.932270417,非常积极
沃颂谝琪迪痕,2024/1/9 21:14,我有个好奇的疑问，巴基斯坦对中国的穆斯林是怎么对待的呢,0,0.9982071,非常积极
夏目jz,2024/2/27 12:35,换位思考吧，别人本来就不容易，有些国人还是少占点便宜,2,0.815897555,非常积极
杜鹤影Elio,2024/1/10 23:47,"啊，好想问问，
巴基斯坦的男生会不会追中国的男生啊？",1,0.946904586,非常积极
yejiehong2018,2024/1/7 18:34,那些说巴铁是吹出来的，是互联网造谣出来的请出来走走走,1,0.670640886,较为积极
815小日子寄快递,2024/5/20 0:09,伊斯兰世界好像对gay是很反感的up你多虑了,0,0.871127958,非常积极
TyranT0088,2024/1/11 19:02,没有遇到喜欢你的男孩子还挺失望！没事B站GAY多！,1,0.288510341,较为消极
伍六柒大虾,2024/1/7 22:07,这一切的开始还得回到62年中国狠狠的捶了阿三那一次,1,0.396360695,较为消极
等待小男孩的小胖子,2024/1/6 16:50,巴基斯坦有些对中国人不好的，大多是阿三那边扶持的。,0,0.959327052,非常积极
暴走兄弟,2024/1/7 13:09,我的巴铁富二代天天给我打电话，要找女朋友,17,0.831921535,非常积极
气运貔貅,2024/1/11 1:55,我看过在巴基斯坦那边的UP卓越，他在那边遇到个国人大姐在巴基斯坦好些年头了谈了个巴基斯坦男友有一期就大吐苦水说别嫁巴基斯坦男的，那边像以前的中国，家里父母决定一切做儿子的巨听父母的话全部围着父母转女方巨委屈不知道富人级别会不会开明一点,1,0.977257119,非常积极
sammo,2024/1/7 17:47,穷的时候跟你铁 才是真的铁 发达了就不那么存粹了,1,0.770063833,较为积极
bili_36472970344,2024/1/29 10:35,世界最大平民窟不是印度的达拉维平民窟么？,0,0.997734158,非常积极
她的昵称违规,2024/1/10 14:05,我发现，中国好像是唯一打遍了地球上所有国家的国家,0,0.997777733,非常积极
盛世肥啵啵啵啵啵,2024/1/7 19:52,这不比找个旮旯角找个外国人假装拍自己出国了真实么,0,0.128882005,非常消极
润涵秋,2024/1/7 17:46,为什么巴基斯坦满大街男人，很少看到巴基斯坦女人？,0,0.937799312,非常积极
放荡的西瓜,2024/1/11 20:59,宗教国家怎么可能靠得住，随便扔个神出来推到一切,2,0.909722491,非常积极
却又是多啦,2024/1/27 2:23,一带一路挑战很大啊。稍不注意边境就把枪带过来了,0,0.977917996,非常积极
云端的日子F,2024/1/16 16:42,就记住一点，不管是中国还是巴基斯坦，都是群体。,0,0.927615902,非常积极
自己吃瓜,2024/4/28 23:16,"笔记
还是多搜索一下近年中国人在巴基斯坦死亡了多少吧",4,0.999665234,非常积极
种猪佩奇か,2024/1/6 23:05,看了这些 我只能是 国家禁枪禁对了,0,0.353997194,较为消极
黑格の提姆,2024/2/1 18:09,我是Gay，表示真的蛮喜欢up的,0,0.867561436,非常积极
zzjwishI,2024/1/12 13:44,富二代营养过剩了，带上帽子以为45了,0,0.532973397,中立
小老弟刺激吗,2024/1/10 23:27,不是，真有人不知道巴基斯坦是铁杆美系国家吗？,0,0.912027129,非常积极
闪光暗杀者光头菌,2024/1/7 14:03,视频里得巴基斯坦人看面相我就知道谁善良谁狡诈,0,0.92735778,非常积极
卖豆豆的豆豆,2024/4/13 15:23,"笔记
在沙特，一位素不相识的巴基斯坦人让我看的",11,0.943951542,非常积极
是叶子真的苟,2024/1/7 19:38,29分28秒，那小子怎么竖中指呢？不学好！,1,0.847046669,非常积极
哎果子,2024/4/5 23:23,不要求优待，这样屁股就歪了，我们要人人平等,0,0.123907646,非常消极
弥度密,2024/1/7 18:49,谁天天给我这给我那的我也认他做大哥,0,0.535525624,中立
俏旦,2024/3/24 23:51,你怎么在我左边讲话吖,0,0.115774566,非常消极
暖暖小猫,2024/5/17 17:48,别介绍了，怕出问题的，那边还是很传统的,0,0.905175019,非常积极
我开的车os,2024/1/14 16:06,没别的我被封面那个帅哥吸进来了,0,0.88387827,非常积极
Dふ也,2024/1/9 1:24,我要是能死在那样的事情里，倒是种幸福。,0,0.844878855,非常积极
手铳重卫士,2024/2/16 17:36,核心拷问：你到底是普通游客还是媒体？,1,0.837740935,非常积极
账号已注销,2024/3/9 20:13,大家一定要知道这个爆走兄弟是个烂人。,0,0.142328287,非常消极
咸鱼sama丶,2024/2/1 0:18,国内找不到老婆 国外有啊,0,0.361850589,较为消极
一卜门心,2024/1/12 17:26,你的巴基斯坦朋友看到这条视频会伤心的,0,0.846927902,非常积极
肉干海魂衫,2024/1/7 12:46,怎么觉得这个声音好小啊？,0,0.485126677,中立
达拉崩吧怎么了,2024/1/5 21:13,这么说呢，你天天管着我吃喝，我也铁,6,0.865196997,非常积极
bilibili鬼畜小王,2024/1/8 16:40,地缘zz罢了，钳制印需要这么个国家,1,0.481854255,中立
火锅是个噪音机,2024/2/7 17:57,要不找个巴基斯坦老婆？,0,0.626170754,较为积极
suniceball,2024/1/7 20:40,没有无缘无故的好也没有无缘无故的恨,0,0.163076081,非常消极
duo弗朗明哥,2024/1/19 17:10,不是什么铁 只是有合作 误导不好,1,0.011660752,非常消极
我永远讨厌政治,2024/5/21 13:22,弹幕吵什么...毛病,1,0.434560282,中立
34743692720_bili,2024/1/11 19:35,当一个友好国家就好了，别那么吹,1,0.667884293,较为积极
承栗,2024/5/12 23:50,千万不能去巴基斯坦的南部地区。,0,0.349637358,较为消极
家有父母妻儿,2024/3/24 21:49,对的 没有永远的朋友 只有利益,0,0.811655045,非常积极
光子のパンツ,2024/2/12 7:09,咋就矛盾了，思维明显跟不上年龄,0,0.958782768,非常积极
肖鱼儿上钩了,2024/1/7 0:32,我觉得伊拉克人对中国人更加友好,0,0.8279418,非常积极
魔之右手,2024/2/17 12:37,巴基斯坦=绿色 三哥,0,0.773872206,较为积极
比亚迪外星人建交,2024/1/7 20:57,明白了，反对派对中国人不友好,0,0.719374752,较为积极
该账号已注销8f6Vk,2024/2/5 17:00,相当于美国人去日本,0,0.910827504,非常积极
三倍速-红色闪电,2024/2/1 23:18,下一站去古巴吧,0,0.451833676,中立
説吾名逗汝笑,2024/1/6 3:34,想找个巴基斯坦老婆诶。。。,0,0.565131806,中立
小枣秀夫,2024/1/16 19:44,自己还顾不过来了还顾别人,2,0.822860457,非常积极
小小悟龟,2024/2/19 4:39,文案一般 磕磕绊绊的感觉,0,0.74694762,较为积极
小小悟龟,2024/2/19 4:42,提词器位置不好 老斜眼瞄 在加上文案不行 就感觉很不好！小小建议,0,0.308681956,较为消极
牟暖暖,2024/1/12 6:34,有钱在大部分地方都受欢迎,0,0.343698904,较为消极
马督农,2024/1/11 17:28,感觉up有点帅是怎么回事,0,0.871651243,非常积极
浪迹天使love,2024/1/9 18:20,我国内混明白，再考虑出国,0,0.949827849,非常积极
无名的钟摆,2024/4/30 0:41,笔记,2,0.782608696,较为积极
skmsuny,2024/1/9 16:36,论迹不论心，论心无完人,2,0.776972245,较为积极
此心最潇瑶,2024/1/14 12:56,两个字 有利益就会友好,1,0.473161761,中立
DONGBEI-CITY,2024/1/7 21:53,巴基斯坦一般都想去美国,1,0.934560148,非常积极
云淡风舒,2024/1/27 2:36,希望他们会有更好的生活,0,0.942558732,非常积极
7xkxk7k,2024/2/17 20:38,为什么都是男的啊……,0,0.696314308,较为积极
秦寿pku,2024/1/9 20:23,能不能发一下上衣链接,0,0.042857613,非常消极
颜月无颜,2024/1/10 17:29,铁个锤子，别骗人了,0,0.110872741,非常消极
搬砖勇士-dp,2024/1/9 5:25,真不是因为核武器吗,0,0.349168881,较为消极
东南小企鹅,2024/1/7 20:21,你给我钱养我我也铁,0,0.585879601,中立
zhanghenganbang,2024/2/11 21:57,你有钱就好😂😂😂,0,0.39731865,较为消极
熟果子一枚,2024/1/7 20:11,很有意思的视频！,0,0.903411331,非常积极
工号1308,2024/1/9 19:53,中巴友谊万岁！,1,0.964983965,非常积极
张三金的金渐层,2024/1/8 13:57,拉皮条多吧……,1,0.649660134,较为积极
komi酱imok,2024/4/28 6:04,做得好好好用心,0,0.92770846,非常积极
是BY啊,2024/1/21 15:25,当阿三看就行了,0,0.524325533,中立
炉石标准上分,2024/1/8 14:25,应该没有那么好,0,0.655862821,较为积极
陆东鹏,2024/1/23 15:10,因为钱给的多,0,0.299116998,较为消极
十里庙的,2024/1/7 21:27,希望能好起来,0,0.536903845,中立
w大马猴子,2024/5/24 23:50,太牛逼了！,0,0.515036116,中立
喃喃低语何以解忧,2024/2/6 12:43,愿世界和平,0,0.972378823,非常积极
无聊哩哩哩,2024/2/3 23:16,绿色阿三。,0,0.426538423,中立
沈阳汇中宝,2024/1/15 15:59,废话好多啊,0,0.114557438,非常消极
阿克塞尔like,2024/1/14 21:00,你还敢去吗,0,0.384087374,较为消极
爱好逍遥,2024/1/7 21:11,很好的视频,0,0.776411024,较为积极
冷冷的风啊吹不动,2024/1/7 16:50,首页通知书,0,0.618399184,较为积极
北海旧城,2024/3/26 18:41,呃呃呃,0,0.526232782,中立
我是小小小小猪,2024/2/2 22:52,不错哦,0,0.861213235,非常积极
xQc114514,2024/3/29 6:50,幽默,10,0.540322581,中立
起源烯,2024/1/5 19:02,第一,1,0.550351288,中立
小小马拉大车,2024/4/24 1:08,假的,0,0.5,中立
有礼走天下,2024/1/22 15:33,👌🏻,0,0.5,中立
老大很幸福,2024/1/14 16:26,谢谢,0,0.596566524,中立
夜中邀客,2024/1/8 13:58,hy,0,0.5,中立
吊顶了没,2024/5/26 9:00,牛,0,0.625,较为积极
关关观关山,2021/5/21 17:26,之前看到一个韩国女人在巴基斯坦装中国人，因为餐厅对中国人免单，她就因此逃单。老板吃亏后也明白了她不是中国人，他说，一般中国人都会很谦虚，虽然餐厅免单，但几乎都会给钱。这个女人不仅没给钱，还这么嚣张直呼自己是中国人，那就肯定不是中国人。,8540,0.449541023,中立
枸杞12,2021/5/21 17:55,就这么说吧，就那个女的的表现，她就算是中国籍也不算中国人。,670,0.990340825,非常积极
肉包纸0417,2021/5/21 18:09,不知道你这个评论能存在多久，我刚才在楼上热评发秒被删。对了，我不止讲了偷国，还讲了霓虹一个教人穷游巴基斯坦的博主。,265,0.046734043,非常消极
我家肖战爱窜稀,2021/5/22 9:47,回复 @肉包纸0417 :敏感词或者字数过多触发了机制罢了，某卢小说网，曾经被阅文搞到连“有的”、“一个”、“那个”都被迫列入h色敏感词库,22,0.967077609,非常积极
神奇的隔壁阿伟,2021/5/21 16:24,每个国家都有好人也有坏人，不过看事也不能忽略宏观，美国确实有好人，但改变不了美国整体反华氛围的事实，巴基斯坦也有坏人，同样改变不了巴基斯坦整体亲华氛围的事实,10040,0.999999994,非常积极
银庭SilverCourt,2021/5/21 16:28,分析到位,43,0.957254219,非常积极
任我飞天,2021/5/21 16:55,每个国家都会有好人，除了……我是说，甚至包括美国,220,0.989464637,非常积极
狮子粉小初粉,2021/5/22 0:37,回复 @任我飞天 :yes prime minister,8,0.05267923,非常消极
枫者,2021/5/21 17:10,在哪儿看的一段子来着，巴网友发推说有韩国人冒充中国人并问怎么区分，本子那边儿的人回复“把泡菜扔地上喂狗，哈哈大笑的是中国人，跑过去和狗抢着吃的是韩国人”,6896,0.046996653,非常消极
_你怎么这么好看,2021/5/21 17:29,好家伙这不把棒子整破防了,393,0.337851016,较为消极
枫者,2021/5/21 17:50,回复 @信阳精神病院院长- :棒子看见又要大喊大叫了,111,0.555873611,中立
回笼觉教主税易天,2021/5/22 9:50,"暗号
巴基斯坦：亲兄弟
中国人：明算账",4572,0.939011235,非常积极
盛京徐公,2021/5/22 11:47,对 咱们就是喜欢亲兄弟明算账  不伤感情,77,0.932495845,非常积极
z24826,2021/5/22 18:45,,6,,非常消极
P-dove,2021/6/21 20:48,预防日韩冒充中国人的行为,9,0.827167136,非常积极
小李砸er,2021/5/21 17:56,说实话，我对巴基斯坦人十分有好感。我之前在圣诞节假期去布拉格玩，住的青旅旁边有家超市的老板就是巴基斯坦人，当他知道我是中国人的时候很热情，对我说了很多遍“Chinese my best friend ”就感觉很开心,3678,0.999948334,非常积极
电波糖,2021/5/21 18:46,真好啊！我也想去巴基斯坦旅游,17,0.830359005,非常积极
被熊猫治愈的男人,2021/5/21 20:11,中国和巴铁用事实证明在这个世界上 国与国之间是可以存在友谊的。国与国之间并不是只有利益和敌对,81,0.9999551,非常积极
郭天2020,2021/5/24 15:04,回复 @栗若瑶 :前两年反正说是巴不建议中国人来旅游，因为巴挺乱的，不希望中国人来之后发生意外，等以后安全一些了，会很欢迎的。现在，不知道什么情况了。,279,0.993098345,非常积极
啊胜168,2021/5/21 18:35,中国人喜欢以礼待人，尊重对方，所以大部分脸很柔和，微笑面对。日韩我影响里都把自己当啥似的，有点面瘫，紧绷的要死,2818,0.993521124,非常积极
胡彦斌我好想哭,2021/5/23 23:11,可恶居然敢直接说出来，这要是。。。。。你不得私信被冲烂,76,0.116167219,非常消极
啊胜168,2021/5/25 8:18,回复 @oiine :只要不碰厨或者饭圈，都挺理智的大家,38,0.082545297,非常消极
rrrRRrrryYY11,2021/11/21 11:20,你的评论我喜欢，你的私信记得关,32,0.955940904,非常积极
梦泉晚霞,2021/5/22 20:05,中国真的和世界格格不入啊，我不敢想象，世界上所有的人都像中国人一样，该是怎样的太平盛世，也许，只有中国模式才是真正的地球模式吧,2479,0.999999072,非常积极
moccadoll,2021/5/24 22:30,"是的！现在无比确信！
虽然说不能感谢新冠，但也能算祸兮福之所倚！",112,0.94396732,非常积极
我赌你的瓜没我的大,2021/5/25 15:38,指望全球统一模式/太平算奢望了吧，而且人类文明发展的步伐也很可能放缓。在我看来，和平就是个珍贵的龟壳（既保护你也限制你），适时适当的文明对冲和交流才能突破文明自身的枷锁，让人类发展的更快。谁知道人类未来会有什么样的对手。,62,1,非常积极
金色小鱼xyz,2021/5/26 4:00,回复 @我赌你的瓜没我的大 :希望以后国家间良性竞争而不是恶性竞争,36,0.891653265,非常积极
兰舟不是兰州,2021/5/22 12:43,是《远方的家》！！这个栏目好好的学地理知识的起源点！,431,0.99940815,非常积极
看落叶的麻雀,2021/5/23 0:42,这个节目我从小看到高中住校（看不了了），充满回忆啊！,1,0.985153625,非常积极
兰舟不是兰州,2021/5/27 12:53,回复 @还有敬亭山 :安抚安抚。我之前搜过，b站上有搬运。,0,0.895801547,非常积极
去nm的yxh,2022/5/8 21:11,姐妹你ID瞩目,0,0.284179858,较为消极
岁月的剪辑师,2021/5/22 11:51,不要把别人的热情当作理所当然，互助互爱才是yyds.,1596,0.983873361,非常积极
冲上云霄March,2021/5/27 21:02,对滴，我们是礼仪之邦,7,0.50951717,中立
是风的呢喃,2021/11/7 17:17,单方面的友谊是脆弱的,3,0.980931403,非常积极
黑兔小白,2022/2/7 17:43,对滴,0,0.535714286,中立
杨雪舞爱吃鸡,2021/5/21 16:30,小心Korean,952,0.228283568,较为消极
司马懿----仲达,2021/5/21 17:04,韩国人还假装中国人去巴铁饭店里面白吃白喝，还有小日本，可给我恶心坏了,127,0.118115868,非常消极
淡蓝色的派蒙,2021/5/21 17:22,还有小日本,10,0.741947788,较为积极
gl丶hf,2021/5/21 17:25,回复 @司马懿----仲达 :我去，恶心人的本事赶紧申遗,16,0.036112721,非常消极
城南旧事狗与少年,2021/5/21 16:24,这个小哥比我帅一点,569,0.413685074,中立
獾院小天才,2021/5/21 16:54,帅亿点,10,0.946186456,非常积极
央视频,2021/5/21 17:01,只是帅亿点吗,84,0.480549541,中立
小二灬来碗面,2021/5/22 16:13,回复 @央视频 :得寸进丈,11,0.602194465,较为积极
2024_天下大同,2021/5/22 11:03,唯一区别就是，中国人不论什么都不会占兄弟便宜。买卖都要给钱,363,0.144487514,非常消极
辣椒上头,2021/5/22 8:38,只有巴铁把中巴友谊写进了教科书，也就是说，从小到大都是听中国人是我们的铁哥们，哥哥，弟弟长大的。,254,0.999978431,非常积极
白色落日と,2021/5/21 16:17,巴铁友谊天长地久,195,0.992892997,非常积极
夜夜至天明,2021/5/21 16:30,希望有机会去巴基斯坦的国人能展现出我们的精神面貌和热情,183,0.999654788,非常积极
衡山后学有礼了,2021/5/21 16:27,咱们有个伙伴不容易  不管🇵🇰是真心还是假意先好好处着准没坏处,182,0.100567304,非常消极
吹灭小山河---,2021/5/21 18:20,最先在国际上面承认中国的国家之一，中国永远不会忘记巴铁的挺身而出，巴铁也一定不会忘记兔子一直以来的帮助,37,0.999016079,非常积极
无止境电台更新了吗,2021/5/21 16:34,真没必要多么“受欢迎”，大家能友好交互，平等友爱就足够了,499,0.970283862,非常积极
可藥C,2021/5/21 16:55,这是人们自发的感谢，就像我们也会在苏联一开始援助我们的时候感激他们一样，人之常情,160,0.996808816,非常积极
我在这里患过伤风,2021/5/21 22:48,"你是以什么身份什么立场来这里说“没必要”？
我们中国人受欢迎，看起来你很难受啊。",49,0.106947164,非常消极
心不在妞,2021/5/27 9:58,回复 @我在这里患过伤风 :确实没必要，我们对外的中心思想是:平等，互重，友善。,5,0.848467751,非常积极
不理不理b,2021/5/21 16:33,十分钟，我要这个记者小哥的全部信息。,84,0.86569574,非常积极
Go_Getter7,2021/5/21 18:22,找到了！他叫孙亚鹏现在还是90后帅气、阳刚的小哥哥,7,0.737277815,较为积极
不理不理b,2021/5/21 19:18,回复 @Go_Getter7 :爱了爱了，微博照片更多，还有很多吃相不佳的照片。,3,0.903147016,非常积极
_-西门大官人,2021/5/21 23:42,比那些流量鲜肉看着顺眼好看多了…笑容阳光温暖可爱，还有阳刚之气…,3,0.986777835,非常积极
童画画画,2021/6/10 1:07,我的朋友在巴基斯坦造铁路，他跟我说巴基斯坦的人每天24小时拿着ak保护他们。,9,0.934413582,非常积极
s1mple丿念情,2021/5/25 8:42,衣服上那么大个cctv还用问怎么认出来的吗,53,0.305008562,较为消极
突然就打了个喷嚏,2021/5/21 16:56,系不系，有一种C位出道的赶脚？！,55,0.114040665,非常消极
校尉officer,2021/5/21 16:19,内宣，外宣搞起来,48,0.198089272,非常消极
我在这里患过伤风,2021/5/21 22:50,非常好的国家友谊，希望能够一直持续。 同时也要警惕棒子和倭国的龌龊行为。,37,0.999525461,非常积极
鼓上百合,2021/5/21 18:33,翻译会中文为啥还要用英语,6,0.029749962,非常消极
改名我要中奖啊啊啊啊,2021/5/21 16:41,一直感觉韩国日本人长得有点贼眉鼠眼的,6,0.598326982,中立
糊鹿娃什么时候进监狱,2024/2/25 13:20,对啊，人丑心也丑,0,0.360359332,较为消极
仰天长啸出门去,2021/5/21 16:18,哦，老铁,32,0.629763892,较为积极
末雪冬望,2021/5/21 16:21,珍惜这份友谊,0,0.99161376,非常积极
開人,2021/5/28 18:54,有些巴基斯坦的网友问现在为什么回不了中国毕业？,8,0.625112249,较为积极
愤怒的孤独,2021/5/21 18:54,好想去巴基斯坦旅游一次啊,30,0.795177395,较为积极
大懒练木兰,2021/10/31 20:30,我就不想去巴基斯坦旅游，我怕他们给我免单，本来是想去照顾一下兄弟的生意，结果反而让兄弟自掏腰包请我吃喝这叫什么事儿啊,7,0.018862044,非常消极
范远飞,2021/5/21 16:28,摄像师:,5,0.5,中立
复仇游走,2021/5/22 11:30,"纯粹主观个人的看法，国家之间，没用永远的敌人，也没有永远的朋友。现在有多热情，在那天变成敌人的时候，落差就会有多大。如果说为什么不希望你太过热情，就是怕翻脸的时候有多么的痛心。
对于人性我持悲观的态度，绝大多数的人性都经不起考验。",91,0.99995566,非常积极
JJ狼狼,2021/5/22 13:17,继续保持，你将超越一切,58,0.88372093,非常积极
甜腻小白粥,2021/5/22 16:29,回复 @JJ狼狼 :哈哈哈哈哈哈哈,9,0.985742919,非常积极
午睡教教主,2021/5/23 7:31,说一些普世通用大道理一副众人皆醉我独醒的样子是不是感觉自己特别牛掰,67,0.524497574,中立
piapia涯涯,2021/6/5 19:59,"只有永远的利益，没有永远的朋友。
但现在是朋友就够了，总比现在是敌人要更好。",5,0.997429465,非常积极
晚风之忆,2021/5/22 9:46,中国人不喜欢占朋友便宜,25,0.866641595,非常积极
悠夜粟,2021/5/23 13:02,怎么说呢，还是让我有了更多的，来源于国家带给我的自豪感和荣誉感，我为自己是中国人而骄傲,24,0.999611972,非常积极
西北小韩,2021/5/22 9:37,为什么是2016,3,0.5,中立
鬼魔妖怪快离开,2021/5/21 17:37,这个记者小哥哥真的帅,24,0.996601062,非常积极
AVICX,2021/5/21 16:42,这集我几年前看过,3,0.784182686,较为积极
一念行者一,2022/12/19 23:55,当一个国家把教育都带上了中国，就知道这是对中国有多深的友谊了,3,0.999535147,非常积极
朕的大清亡啦我天啊,2021/5/22 10:03,勾肩搭背的，哈哈哈哈,24,0.869765965,非常积极
闲鸦石,2021/5/22 7:38,巴基斯坦1亿人口，街头采访取样5个人，比例感人。类似的题材自媒体都淘汰几年了，营销号一般都懒得用了。,13,0.898626341,非常积极
竹竿捅飞机,2021/5/24 10:23,二级号出来瞎蹦跶啥,0,0.682606807,较为积极
梦幻网咔,2024/3/21 16:51,2.几亿呢，多的吓人,0,0.207168883,较为消极
割稻,2021/5/21 16:48,小日本虚伪脸长年累月的扮笑贼眉鼠眼且僵硬，韩棒子整容脸,28,0.017093071,非常消极
凡事总有开始,2021/5/26 0:49,天天都是巴基斯坦认中国人，可以告诉我怎么认出巴基斯坦人吗,4,0.989247413,非常积极
温婉贤淑夏金桂,2021/5/21 17:00,呵……看巴基斯坦那些年轻人，尤其是“有知识”的那些学生，啧啧，对中国的看法简直了……,43,0.996118857,非常积极
拉顿哈杰顿,2021/5/22 23:34,官方号也吹，真的没必要。,9,0.096329238,非常消极
凡为鬼厉,2021/6/14 19:20,🤫,0,0.5,中立
十步-杀,2021/5/22 10:56,之前云南那边一个研究所一个巴基斯坦的睡了好些女的，知道吧，大家可以去查查,48,0.536184279,中立
春困秋乏夏彦,2021/5/22 11:48,这两者之间没有太大关系吧？这是好人坏人的区别，不是国籍问题( ´_ゝ｀),60,0.733845551,较为积极
余笙cyk,2021/5/22 12:35,每个国家都有人渣，不能这么以偏概全，一楼说的就很好,33,0.688192688,较为积极
甜腻小白粥,2021/5/22 16:28,回复 @春困秋乏夏彦 :对，巴铁知道了肯定也会谴责这个个例的！,8,0.882739608,非常积极
言湫有莯,2021/5/27 8:10,巴铁人确实不错，我在加拿大留学打Uber做过两个巴基斯坦人的车，知道我是中国人之后特热情，跟我聊天给我零食，搞得我都有点不好意思了,2,0.997837099,非常积极
Soso1234567_77,2021/5/22 19:18,这位记者先生好帅啊,23,0.911978107,非常积极
清清玉蘭,2021/6/16 10:15,CCTV-4记者孙亚鹏，微博抖音皆有,2,0.381883734,较为消极
Kosetoです,2021/5/22 10:09,官方这么宣传，不好吧,36,0.057071198,非常消极
梦醒三年007,2021/5/22 23:38,不用宣传，我有一个巴基斯坦的朋友，他确实对中国人很热情,12,0.946923512,非常积极
Kosetoです,2022/5/26 18:23,回复 @梦醒三年007 :这是看人的，哪里都有好人和坏人，这一年期间，在巴基斯坦的中国人，光是报道出来的就死了多少？,3,0.99424524,非常积极
幻想都是梦,2021/5/22 9:35,这精神面貌不知比隔壁好太多,14,0.245055784,较为消极
_-西门大官人,2021/5/21 23:37,小哥好帅啊，笑容可爱温暖阳光…,21,0.989199682,非常积极
上清真境玉宸道君天尊,2021/5/21 17:15,一带一路万岁,15,0.657350815,较为积极
河里飞zz,2021/5/21 16:39,主要记者还是个帅哥，更受欢迎了,23,0.970192558,非常积极
三万琉璃丶,2021/5/21 16:31,巴中友谊天长地久,2,0.995537166,非常积极
原来是兮兮,2021/5/21 16:24,前排,2,0.5,中立
自由luo-体,2022/12/11 15:44,"哈哈哈哈哈想当明星吗？
巴铁：来我这儿",2,0.983954782,非常积极
粉色精灵kitty,2022/6/12 0:06,有一次我在日本 遇到了一个巴铁，他一直和同行的日本女生说“we are friends”，还过来和我拍照,2,0.846196569,非常积极
不结金丹不改名,2022/2/28 15:55,我有幸和我弟去过一次巴铁，我感觉巴铁兄弟比我喜欢我弟弟多了，同样，我弟也这么感觉,2,0.989907259,非常积极
oO已寄勿扰Oo,2022/2/22 16:17,如果各位有机会去巴基斯坦旅游，记住，一定不要消费友谊,2,0.937581563,非常积极
灵虎-,2022/3/21 17:10,中国人不仅仅是中国国籍的人，更是一种精神，站在那里散发出中国人的气质,9,0.99952431,非常积极
增重不达20斤不改名,2021/5/21 18:53,别把人骗过去了，人其实跟阿三差不多 毕竟一个种族的，国家之间互相有利益还算不错，什么朋友算了，假的。,7,0.996551331,非常积极
洛小淦,2021/5/21 17:03,那我们讲方言他们能认识吗,9,0.565756249,中立
-记住了吗-,2021/5/21 16:17,我是第一吗？真的是第一吗？,5,0.656133388,较为积极
李梅烧烤暖人心,2021/5/21 16:53,😅,4,0.5,中立
圣母悲,2021/11/23 11:55,一起赚小钱钱呀！,1,0.142772754,非常消极
大浪淘金不是沙ovo,2021/11/6 15:56,巴铁,1,0.882977551,非常积极
rose614,2021/6/10 10:05,这个中国小伙子 长得真的好端正！,1,0.926942199,非常积极
账号已注销,2021/6/6 10:30,中巴友谊万岁!,1,0.964983965,非常积极
三鹿妈妈,2021/6/5 10:39,"对口号啊，巴基斯坦：奇变偶不变
中：符号看象限",1,0.617964205,较为积极
托塔天王有塔啊,2021/5/30 4:35,这个记者好帅！！！,1,0.698664907,较为积极
读书的李永康,2021/5/27 8:17,问二战转折点，区分,1,0.560830454,中立
spike666666,2021/5/23 4:52,希望把铁别被个别棒子和鬼子骗到了啊~~,1,0.052456851,非常消极
账号已注销,2021/5/22 9:32,谢谢巴巴羊,1,0.84060394,非常积极
IVSTITIA,2021/5/22 9:29,Chin-Pakistan dosti zindabad,1,0.447678459,中立
是一个强者,2021/5/21 20:47,当然是看脚底板啦：左脚3D，右脚打印。,1,0.051749371,非常消极
-chaoshy-,2021/5/21 19:13,小哥被迫营业,1,0.840472384,非常积极
肥牛旋风丶,2021/5/21 18:16,侣行警告⚠️,1,0.228824543,较为消极
繁星桑原,2021/5/21 16:44,希望中巴友谊长存,1,0.992266788,非常积极
jjkkkkksa,2021/5/21 16:38,小哥哥好帅啊，我可以惹,1,0.985889964,非常积极
葭月十肆,2021/5/21 16:31,中巴友谊万岁,1,0.964983965,非常积极
与世无争大贤者,2021/5/21 16:21,,1,,非常消极
巡礼钟声绝响,2021/5/21 16:19,哈哈哈,1,0.868421053,非常积极
莫咖啡馆的屑店长,2021/5/21 16:18,中巴友谊长存,1,0.964983965,非常积极
-记住了吗-,2021/5/21 16:18,热的,1,0.315696649,较为消极
泯夜归尘,2023/9/23 15:05,中巴友谊万岁！,1,0.964983965,非常积极
烟雨南朝梦,2023/6/28 21:27,巴基斯坦是举国之力帮助中国 虽然对于中国这个巨无霸杯水车薪 但自己有10块钱能把10块钱都给你 真的不容易  巴基斯坦所有战略储备啊,1,0.994392008,非常积极
忍淚等雨下,2023/9/5 6:49,6,0,0.389948007,较为消极
99岁桥洞抹泪,2023/5/6 20:51,这记者长相就很正，一看就是中国人的味道，大约是中国偏山东地区的男性标准长相,1,0.999930688,非常积极
小小氵完熊,2022/8/7 8:55,记者好像陆小千，但是比陆小千还要帅,1,0.998225557,非常积极
御坂妹妹最爱了,2022/3/26 14:15,社恐狂喜,1,0.163678652,非常消极
温斌Alex,2022/3/19 19:55,"巴基斯坦整体亲华
美国整体反华

你让我怎么选",1,0.991715731,非常积极
事到如今-先吃饭吧,2022/3/8 21:03,那我们去吃饭可不可以免单啊，思密达,1,0.081321176,非常消极
FBI客卿,2022/3/6 22:39,巴基斯坦的男性五官都很端正啊 感觉长得都一样,1,0.949575223,非常积极
大爱仙尊-蛊,2022/3/1 19:45,在非洲感觉也很受欢迎，跟大熊猫一样,1,0.869873154,非常积极
bili最不正经用户_0x24,2021/5/22 8:37,"小心网上，有cia的人分裂中国人对巴基斯坦的好感。这种写中文的但实际可能根本就不是中国人的要小心！
这种人的论调无一例外就是巴基斯坦怎样怎样中国人，美国又怎样怎样中国人。总之抹黑巴基斯坦，赞美美国！",2,0.994770019,非常积极
老司畸,2023/8/25 20:43,现在有些日韩的油管之类的博主去巴基斯坦假装我们，骗吃骗喝用来达到节目效果，完了还嘲笑他们分不清。可恶至极！,2,0.052930497,非常消极
carlogambino,2021/5/21 16:21,,5,,非常消极
三岁小师妹,2021/5/21 16:31,,0,,非常消极
美梦现实,2021/5/21 16:30,,0,,非常消极
花生白糖饼,2021/5/21 16:38,,0,,非常消极
我吃小孩,2021/5/24 10:20,真是不记得前两年因为和巴基斯坦妇女结婚而以拐卖妇女罪被抓的上百个中国男人了么,3,0.978160489,非常积极
傻大观,2021/5/25 8:57,宣传问题，这个新闻只凸显了“好”,2,0.479417236,中立
绝命毒师66,2021/5/21 17:28,有意思吗？说的好听就是友谊其实不就是利益关系吗巴基斯坦就没有亲美的吗？换个总体亲美打你央视的脸啥话别说太满,3,0.9883993,非常积极
sout-lucky,2021/5/21 17:32,对呀，应该在他和中国关系好的时候，上去给他一巴掌，然后给他说你这是为了利益。最后沾沾自喜的看他跑到别人的阵营。,7,0.591736183,中立
长乐未央睡饱饱,2021/5/21 17:08,网上碰见很多自称巴基斯坦的 各种要要要，除了要东西加个pls没别的话,1,0.11771279,非常消极
彭的一下,2021/5/21 16:17,第一？？？？,1,0.171232999,非常消极
喜多郎1,2023/6/10 23:05,中巴友谊万岁,1,0.964983965,非常积极
忍淚等雨下,2023/9/5 6:49,小丑,1,0.5,中立
爷的昵称值6个币,2023/9/19 21:45,害😓,0,0.213253825,较为消极
大唐虎衛軍,2021/11/7 7:43,傻子还是很多的,1,0.453283492,中立
bili_4653598659,2021/6/3 20:19,有距离感的关系不错就挺好，前提是你别过来,1,0.992454281,非常积极
蜀道山的坐忘道长,2021/5/21 22:38,风风雨雨七十年,1,0.597025143,中立
AXin义马大,2021/5/21 17:50,都是政治,1,0.846833066,非常积极
原来是神明阿,2022/1/22 18:02,加油哈,0,0.904761905,非常积极
凡尘su子,2022/1/10 20:27,主要是你们有很多摄像机！,0,0.362245717,较为消极
鱼板还是御坂,2022/1/15 15:32,看看前排评论吧,0,0.366593146,较为消极
火辣又能打,2022/1/6 4:02,,0,,非常消极
南方的_白鸽,2021/12/30 5:10,希望不要有人因为这个去混吃混喝,0,0.186533122,非常消极
鱼板还是御坂,2022/1/15 15:33,已经有韩国日本人冒充中国人免单了,0,0.452057111,中立
潜水的小红球,2021/12/29 17:01,巴铁：老铁，一起合影？,0,0.722277809,较为积极
anjing004715,2021/12/21 22:32,只要友善我们都是一家人,0,0.817512886,非常积极
SpinousCrown,2021/12/19 22:09,好可爱,0,0.878967658,非常积极
有趣的范范,2021/12/10 13:16,疫情过去了也去巴基斯坦旅个游,0,0.797225567,较为积极
好烦啊改啥id,2021/11/21 12:32,目标一致 合作共赢,0,0.635925505,较为积极
肖斗斗,2021/11/3 18:29,主持人好帅,0,0.536506636,中立
夜灬若殇丶轩,2021/11/1 21:03,吴语分不出  。。。,0,0.252846358,较为消极
浮川の,2021/10/13 1:40,嗨，兄弟跳一曲？,0,0.046104324,非常消极
Raymond丨丨,2021/8/2 7:27,你们这些宣传媒体真的不干人事，给同胞洗脑让同胞被坑,0,0.00163434,非常消极
许小球儿,2021/6/19 13:24,希望巴铁能早日实现户户通路停电通水通网络,0,0.043986763,非常消极
揍她,2021/6/18 13:07,巴基斯坦是中国的好哥们，巴基斯坦人不一定是中国人的好哥们，记住这个就好,0,0.994676229,非常积极
激萌阿虎V3,2021/6/18 1:19,小心日本韩国冒充中国人搞坏名声,0,0.006223885,非常消极
阿福·吐槽·潘尼沃斯,2021/6/16 21:51,听到英语还是挺膈应,0,0.72393733,较为积极
卡丘丿,2021/6/14 10:50,中巴 友谊永存,0,0.986087271,非常积极
小蕊蕊蕊蕊蕊,2021/6/13 3:13,真好！！！,0,0.312201935,较为消极
轻弹剑锋,2021/6/12 12:30,同样是给予帮助，海那边的人怎么偏偏就是白眼狼呢,0,0.919690622,非常积极
张毛毛不吃胡萝卜,2021/6/9 18:58,小哥哥好帅,0,0.966781216,非常积极
豪哥哥哥GEGE,2021/6/9 16:39,巴基斯坦有什么旅游景点么？,0,0.748125759,较为积极
梨桃花,2021/6/7 19:41,铁子,0,0.5,中立
Song卡比巴拉,2021/6/6 16:21,pak cin dosti 辛巴达接受了别人小恩小惠，回礼不回，这句都不说的，棒子鬼子无疑了,0,0.447054297,中立
Toothy_888,2021/6/4 21:08,看脸我可能看不出来，但胸口上那个CCTV4远方的家可就太明显了。,0,0.475096474,中立
神农小,2021/6/4 2:57,小哥哥处对象吗,0,0.993935111,非常积极
在他脑海中奔跑,2021/6/3 18:06,记者小哥是谁啊？好帅啊,0,0.899152225,非常积极
华为手机保资料跑密码,2021/5/30 15:59,去偏僻的地方你就知道有多好了,0,0.215495343,较为消极
庄易易易易易先生L,2021/5/30 13:36,中巴70,0,0.647466692,较为积极
毛绒玩偶眼镜水泥猫,2021/5/29 20:20,真的好热情啊啊啊！我好爱中国！！！！,0,0.924946512,非常积极
小汤圆,2021/5/29 12:31,中国人会直接勾肩搭背,0,0.883438901,非常积极
GwenFans,2021/5/29 11:41,国人大多都是互利互惠礼尚往来的。就算我们真的没给钱，我们也是会拿出点小玩意去互换的。,0,0.307415756,较为消极
天数-,2021/5/29 10:49,其实中国百姓也是大多数都很热情，友善的！但对于诋毁我们种族除外！不论肤色,0,0.998846608,非常积极
我沉海里,2021/5/29 6:21,泪目了,0,0.750062423,较为积极
竹马老六,2021/5/26 16:37,还是巴巴羊可爱,0,0.937868462,非常积极
乔克丽特小姐,2021/5/26 10:01,快进到两国人民联姻,0,0.784530249,较为积极
眨眼雪鼠的佣兵,2021/5/25 21:39,他们会给我们免单有一些店，然后棒子就跑去装中国人去白嫖，只要特别强调自己是中国人的一般都是棒子,0,0.231832705,较为消极
一只手拎起来,2021/5/25 19:11,我记得有个骑摩托车的去巴基斯坦，结果他们直接给俩把AK用来防身,0,0.811397846,非常积极
实操两年半,2021/5/24 23:18,怎么都是男的,0,0.590773992,中立
OK了功夫,2021/5/24 23:05,巴子是看我们喜欢拍照，然后觉得一起拍照是表示友好的意思，是这样吗,0,0.752187483,较为积极
MiaSanMia丶FCB,2021/5/24 11:38,远方的家是个好节目啊，我特喜欢。边疆行，百川百山行，长城内外，视频里的一带一路，最近出的大运河系列。我每一集都看过。。。,0,0.999895277,非常积极
理塘唯一之神丁真,2021/5/23 20:44,巴基斯坦是说英语的国家吗,0,0.78711059,较为积极
平成宅叔,2021/5/23 13:38,记者说标准的中国人长相,0,0.989940555,非常积极
村东头马老汉,2021/5/22 23:13,授人以鱼不如授人以渔，希望国家能帮巴铁铲除恐怖势力，大力发展经济。,0,0.991247451,非常积极
四千年第一肥美,2021/5/22 15:15,我觉得还有一个原因是主持人相当帅气,0,0.917209229,非常积极
李家篮子,2021/5/22 14:37,这小哥好帅！,0,0.473767218,中立
奥德赛海洋学院,2021/5/22 12:23,拳头才是硬道理。,0,0.205540268,较为消极
账号已注销,2021/5/22 10:50,每个国家都有好人也有坏人，不过看事也不能忽略宏观，美国确实有好人，但改变不了美国整体反华氛围的事实，巴基斯坦也有坏人，同样改变不了巴基斯坦整体亲华氛围的事实,0,0.999999994,非常积极
听雨说梦-,2021/5/22 3:02,友谊是真谛！！,0,0.946469108,非常积极
账号已注销,2021/5/22 2:10,这期看过,0,0.561856533,中立
l今朝有奶今朝醉l,2021/5/21 23:09,我们有条生命线在他们那里，他们也有条生命线在我们这里，天然的友谊。注定的，喜欢不喜欢也是。所以有些人说话，请婉转一点，少说无益话。,0,0.995913985,非常积极
健哥的bili,2021/5/21 22:25,也不用这样自夸吧  我的天害羞,0,0.612412069,较为积极
尐羊羊,2021/5/21 22:17,小心某些狗装中国人骗巴铁,0,0.693105019,较为积极
愛莉希雅_Elysia_,2021/5/21 22:09,真好，友谊天长地久,0,0.972898285,非常积极
光荣の心Joestar,2021/5/21 21:31,远方的家，这节目可好看了,0,0.86668555,非常积极
活着退休,2021/5/21 20:32,希望有生之年我们公司可以到巴基斯坦搞建设。,0,0.783436878,较为积极
碧海枫林,2021/5/21 19:31,巴铁变巴贴,0,0.902319296,非常积极
saliwen,2021/5/21 19:29,只有永远的利益没有永远的朋友！客观看待少些忽悠！,0,0.518031897,中立
moccadoll,2021/5/24 22:33,怎么了？你就没个好朋友？,0,0.256928246,较为消极
KK家的大财迷,2021/5/21 18:25,大家是互相,0,0.526232782,中立
大抵是有毛病,2021/5/21 18:00,啥时候也去巴基斯坦玩玩？,0,0.926746199,非常积极
糯依依,2021/5/21 18:04,除了巴基斯坦我还想去塞尔维亚，但是还没有直线到塞尔维亚的飞机,0,0.71124054,较为积极
神樂狂三,2021/5/21 22:07,直接去呗，巴基斯坦免签的吧,0,0.405551775,中立
天上的水母,2021/5/21 17:59,我也想合影，记者小哥哥一亿点帅。,0,0.998371263,非常积极
就他末你叫夏洛啊,2021/5/21 17:50,这个视频几年前看过，然后才注意到右上角的时间,0,0.526765804,中立
AXin义马大,2021/5/21 17:49,呵呵,0,0.675540765,较为积极
爷不喜欢猫,2021/5/22 9:51,回复 @AXin义马大 :那难道不应该爱国？,0,0.15413697,非常消极
冷杉领的安蒂缇娜,2021/5/21 21:24,,0,,非常消极
淩茜xi,2021/5/21 17:45,i like you,0,0.25,较为消极
室友哇咔咔,2021/5/21 17:29,阿up主好皮，一看就是老司机，常混B站的吧,0,0.644474688,较为积极
Montgisard,2021/5/21 17:17,印度：是在下输了,0,0.964191015,非常积极
寄红尘,2021/5/21 17:12,,0,,非常消极
清新阳光茶,2021/5/21 17:13,主要是帅,0,0.5,中立
格洛克9mm口径,2021/5/21 17:10,,0,,非常消极
仲澥的双子星琴生翔宇,2021/5/21 17:08,这是前几年远大的家的拍摄，我看过这个直播,0,0.642688836,较为积极
成心等待你,2021/5/21 17:08,如有需要我们第一时间到。,0,0.563943789,中立
枫-昊天,2021/5/21 17:03,刻在DNA上的友谊,0,0.947641852,非常积极
这是一只懒猫猫,2021/5/21 17:00,,0,,非常消极
决鬥者的生命,2021/5/21 16:50,真正友谊,0,0.918918919,非常积极
NINNY-NI,2021/5/21 16:35,沾了国家的光,0,0.226320906,较为消极
绝对平衡之力,2021/5/21 16:25,友谊地久天长,0,0.953630563,非常积极
火残冰殇,2021/5/21 16:23,挺想去巴基斯坦玩的,0,0.949673142,非常积极
-记住了吗-,2021/5/21 16:20,几秒钟，十一了,0,0.197132983,非常消极
小得而盈满,2021/5/21 16:19,中巴友谊万古长青,0,0.964983965,非常积极
捂耳听风嘤,2021/5/21 16:18,第五,0,0.28,较为消极
五毒的毒铋,2021/5/21 16:17,巴铁,0,0.882977551,非常积极
那云涛,2024/4/26 17:31,中国和巴基斯坦友谊长存希望有发展前途无量,0,0.99787793,非常积极
赛博基尼,2024/1/9 1:32,看起来自然的是中国人，尖嘴猴腮的是日本人，长相千篇一律的是韩国人。,0,0.9961182,非常积极
kissaca_0125,2023/1/17 17:36,中巴友谊万岁,0,0.964983965,非常积极
花宫初奈保护协会,2022/11/6 15:29,这小哥长得好方正,0,0.700132099,较为积极
账号已注销,2022/10/31 15:05,卧槽这记者叫什么，好帅,0,0.899152225,非常积极
时间旅行中,2022/9/29 19:45,从小看到大的（远方的家）竟然还在，这个节目,0,0.477196302,中立
亚索拉卡萨丁真逊,2022/9/9 17:59,巴基斯坦人是这样形容和我们的关系，比喜马拉雅山更高，比蜜更甜，比海更深。,0,0.997873612,非常积极
888执念,2022/9/2 15:22,被感动到了，希望中巴友谊长存。巴铁兄弟有机会也要来中国旅游，善良的中国人们欢迎你们。,0,0.999996441,非常积极
透明的血,2022/8/31 9:35,那如果我在巴基斯坦说方言呢,0,0.624226169,较为积极
二胡是本命,2022/7/20 3:52,如果嫁到巴基斯坦会被宠上天吗,0,0.998425995,非常积极
谦谦君心,2022/7/22 18:41,不会,0,0.395702747,较为消极
过嚟睇睇下姐,2022/7/17 16:13,但我没上面这个帅气,0,0.879511082,非常积极
一拳十个嘤嘤怪__,2022/7/11 14:21,大学时跟同学去斯里兰卡玩，碰到两个巴基斯坦人一直抓着我们合影😂😂😂,0,0.859375777,非常积极
水薄蒸雾,2022/5/19 21:08,等着疫情好了我一定要去巴基斯坦,0,0.854305874,非常积极
月念方,2022/5/19 13:00,然后他们把合照拿回去炫耀,0,0.142402397,非常消极
964885128,2022/5/4 14:08,我觉得还是他比较帅的原因,0,0.907954171,非常积极
Brantkangkang,2022/4/19 3:02,你这么帅我也想合影,0,0.772043461,较为积极
酱汁菜,2022/4/8 18:04,,0,,非常消极
账号已注销,2022/4/3 0:59,可以免单，但是钱要付的呀,0,0.032615172,非常消极
请问怎么白嫖,2022/3/25 4:56,我要是去巴基斯坦说贵阳话  会不会被当做八嘎,0,0.323346599,较为消极
鲲莉,2022/3/23 19:39,这个红衣服的挺帅呀,0,0.571005662,中立
爱看电影的猫咪巧克力,2022/3/18 22:45,小哥好帅,0,0.473767218,中立
LV慕容亦辰,2022/3/1 14:10,去哪里旅行拍照,0,0.723760641,较为积极
官方认证L哦,2022/2/26 21:20,巴铁,0,0.882977551,非常积极
污璃要努力,2022/2/26 13:34,中巴友谊长存！希望去巴基斯坦玩的国人文明友好，咱们去消费他们可能会给我们免单，但亲兄弟明算账，咱们照给不误，这样友谊会更深厚,0,0.999869781,非常积极
嘀嗒嘀嗒嘀嗒拼车,2022/2/25 13:24,看的我热泪盈眶，作为中国人真是太自豪了,0,0.962958928,非常积极
Sunoo_osf,2022/2/14 21:22,中巴友谊长存☀️,0,0.961256483,非常积极
BVout,2022/2/14 17:50,如果看韩国生气到想抄家伙，来看看巴基斯坦吧，对比度就出来了,0,0.339233062,较为消极
来个好名吧,2022/2/13 15:08,深受感动,0,0.993405188,非常积极
晚点送它走,2022/2/13 13:06,来中国 大家也要好好的欢迎巴铁,0,0.957143987,非常积极
双击侠,2022/2/12 8:09,中巴友谊长存。,0,0.964983965,非常积极
马至良,2022/1/30 14:58,虽然我知道央视不差钱，但白来的硬币为什么不投呢？,0,0.00868783,非常消极
翩若峳绪川千世,2020/8/26 23:18,铁不铁再说，解放军的大炮倒是很铁,64178,0.837786059,非常积极
暹罗罗罗罗罗罗,2020/8/26 23:20,好家伙，大炮铁不铁我不知道，导弹是真的铁,3229,0.527011003,中立
为什么名字只有八个字,2020/8/27 0:06,回复 @我就是在教你做事 :26号刚刚射了俩导弹,7,0.697504626,较为积极
阿狄安娜,2020/8/26 23:19,巴铁之所以是巴铁，是60年代后国际政治和国家战略上双方的客观需求。只要巴基斯坦与印度保持对立状态，而中印之间保持这种战略互信难以建立的背景下，巴铁的基本盘就不会改变。中巴关系可能会有曲折，但基本盘是不会变的。,20364,0.999999997,非常积极
阿狄安娜,2020/8/26 23:35,巴基斯坦各个政党也许会有各种各样不同的态度，甚至有些将对华关系作为国内政治斗争的筹码而伤害中巴关系。但是只要巴基斯坦这个国家整体聚合的重要因素——印度还存在，那么巴基斯坦就不会与中国形成根本性的外交分歧。这与政府存续有关，与政府先进与否没有关系。应该意识到巴基斯坦这个国家所客观存在的问题，经济投资上现在来看巴基斯坦绝不是一个理想的目标。但中巴的战略互信并不建立在经济相互嵌套上，而是长期国家战略的需求。从而推动经济合作与政治改革。我们应该认识到现阶段中巴关系对我们是有利的，维护中巴关系是我们在南亚这一次要战略目标的主要战略方向之一。将巴基斯坦视为伊斯兰极端主义的滥觞是不合适的，在研究国际关系的时候应该注意这一点。,2818,1,非常积极
立华社长美如画,2020/8/26 23:50,中巴利益一致，所以中巴很铁,317,0.967309139,非常积极
jwbdyrbwowbeo,2020/8/26 23:50,回复 @阿狄安娜 :巴基斯坦也是有公知的,135,0.869673527,非常积极
王化天下,2020/8/26 23:55,中印不可能有战略互信的，三哥迷之自信，加上体量确实在那儿，看不看得起我们都难说,580,0.997273278,非常积极
韵律木木,2020/8/26 23:59,中国目前布局就是能源，减少马六甲海峡的依赖，目前中巴这边正在建设，中缅铁路也是，保障能源，还有北冰洋航线近年正在解冻，也可能成为能源通道,286,0.006516469,非常消极
光恒eternal,2020/8/27 0:03,"的确，有共同的敌人、有共同的利益、能够达成共识，这就是中巴关系铁的本质原因。
印巴矛盾极难调和，中印关系也难以改善，中巴又没有直接的根本性利益冲突、两国合作还能共同发展。中巴可能不是永远的朋友，但未来很长一段时期内应该还是朋友。",268,0.999993178,非常积极
斯波波比奇,2020/8/27 0:13,回复 @韵律木木 :前两个能理解 北冰洋是运什么物资的,6,0.942248912,非常积极
我是秋天,2020/8/27 0:39,回复 @韵律木木 :感觉最多算多个选择，减少依赖都做不到吧。虽然那里可以不经过马六甲，但是从那个位置到了中国，又如何在经济效益考量下，运输到制造业发到地区。无论是管道还是火车汽车，入境后都有且只有火车转运到东中部，这运输量对中国整个体量下，基本上只能算是战略需求，但是很难做到减少马六的依赖,68,0.996235622,非常积极
最近特别穷,2020/8/27 0:53,回复 @斯波波比奇 :北冰洋航道的解冻  我们中国到北欧的航程就会大大缩短,28,0.183271718,非常消极
Violet-Eg,2020/8/27 1:18,回复 @立华社长美如画 :可能吧，不过我知道咱们自己家的核弹老铁了,6,0.902912112,非常积极
池早香丶,2020/8/26 23:51,"给大家科普一下马尔萨斯陷阱：在工业革命之后，大约经过了100多年的时间，西方人口生产上的“两高一低（高出生率、高死亡率、低增长率）”就逐步被“三低（低出生率、低死亡率、低增长率）”趋势所取代。
许多经济学家认为高死亡率的各种因素，是人口在生产与农业时代生存资料实现匹配的关键过程，马尔萨斯说战争、饥荒和瘟疫都是促使人口下降到与生存资料生产水平相适应的道路，人口数量要在某种方式和程度上与农业发展成比例的观点是一个内含的逻辑。马尔萨斯提出两个级数的理论：人口增长是按照几何级数增长的，而生存资料按照算术级数增长，这一理论被称作“马尔萨斯陷阱”。",13953,1,非常积极
怠惰的老o,2020/8/27 0:05,是马大胡子在书里经常提到的那个马尔萨斯吗,39,0.955085706,非常积极
上岸Nya,2020/8/27 2:11,大概意思是粮食产量赶不上人口增长速度，天灾会削减人口适应粮食产出。,165,0.900704452,非常积极
Grox137,2020/8/29 12:56,回复 @大争不争 :但事实是自上世纪六十年代以来，全球粮食产量增速始终高于人口增长，过去几十年人口翻了1.5倍，而粮食产量翻了三倍，致使第三世界饥荒的原因显然是新自由市场的国际粮企而非不节育,7,0.992095297,非常积极
憨厚朴实的老司机,2020/8/26 23:18,巴铁铁不铁，得看咱们硬不硬,10519,0.396498499,较为消极
山顶洞人与夜航船,2020/8/27 1:12,道理我都懂，但我还是觉得你不对劲,1018,0.427962169,中立
LiebeTulpen,2020/8/27 5:47,回复 @蚊子满屋飞 :黄色眼镜摘了吧,412,0.011586942,非常消极
风之旅者-,2020/8/26 23:17,至少就目前这个破环境下，还是铁的,17078,0.400735812,中立
火织雲,2020/8/26 23:27,国际政治关系稳定的时候，咱们网上就喊铁呗，什么时候关系有问题了再谈称呼，可以心里防一手，但还是不要说出来吧。,2481,0.979069673,非常积极
菠萝赛罗,2020/8/26 23:32,印度和巴基斯坦二选一，美国肯定选印度,198,0.998990215,非常积极
风之旅者-,2020/8/26 23:34,回复 @菠萝赛罗 :就目前中印关系，美国闭着眼睛都知道要选印度,160,0.998677818,非常积极
少凡浪浪,2020/8/27 0:31,评论有些个人真是离谱，跟巴基斯坦谈利益，跟美国谈感情，本末倒置有一手。,14343,0.856577768,非常积极
凡尘一俗人,2020/8/27 2:15,那些人天生就膝盖软 屁股歪 没办法和那些香蕉人 舔狗讲道理的,324,0.042675581,非常消极
くろ李舜生,2020/8/27 4:40,谈利益是正常的，但天天把利益挂在嘴边实属脑瘫，有哪个看到外交官和巴基斯坦实施作战计划时会强调中国获利多还是巴基斯坦多，大家成年人心知肚明就好，真要有哪一天巴基斯坦反水这群家伙一定第一时间跳出来大骂不讲义气,1952,0.999824841,非常积极
泳良诚艺,2020/8/27 10:04,回复 @雨师赤松子 :对换到现实生活，这话让我想起有些亲戚朋友，就是你说的这种NC，熟人要算清楚是正常的，但就是有些人特别NC，算透底过头了，天天跟人谈交易谈利益，一见面就问有啥好处，属实恶心，情商负数。,52,0.13553031,非常消极
菜田莱茵,2020/8/26 23:18,这是被沈大佬逼出来的吗？果然恐惧才是人类的第一生产力,7221,0.99893307,非常积极
LivZZZY,2020/8/26 23:29,兄弟，一周两更啊，周三和周六,86,0.250231442,较为消极
莉莉丝是好文明,2020/8/26 23:35,内卷的笑死我了,223,0.465167892,中立
一念平生O_o,2020/8/26 23:54,卷,9,0.470588235,中立
混吃等死的无颜,2020/8/27 0:58,后排提醒：保持独立思考，不要听啥是啥,2534,0.956307286,非常积极
无云w,2020/8/27 10:05,娱乐为主,41,0.603773585,较为积极
麥樂雞_office,2020/8/27 10:46,u1s1，越看现在越罗马感觉。罗马刚刚建立，学习希腊，学了一圈希腊然后发现，不学也罢，下面发现精英阶层不学希腊的开始起哄，然后希腊鼎盛了一段时间就开始内乱烽烟四起,159,0.999999818,非常积极
古德爱迪尔,2020/8/27 16:52,回复 @片山口口口 :这希腊不学也罢，随后让罗马军团把希腊和仿希腊城邦打得落花流水,9,0.998370592,非常积极
不蒸馍也不扶,2020/8/26 23:45,"我发现每次这种话题下就会有很多奇怪的言论
提到跟中国关系微妙的，比如美国，就是友好、先进、无条件学习；提到跟中国关系友好的，比如毛子巴基斯坦，就是讲利益、讲中苏交恶、讲冲突
好家伙，伟大领袖说政治要把敌人搞的少少的把朋友搞的多多的，这上来就无脑倒贴敌人然后把朋友往外赶，咋个想的？
我寻思下次碰到再bb中苏交恶、巴铁其实不铁的，我就把朝战、81192、大使馆被炸、tw问题、南海问题、日本问题挨个糊他脸，希望这些草蛋的史实能让这群不知道是蠢还是坏的家伙闭嘴",9057,1,非常积极
传说中的C哥,2020/8/27 0:30,有的人就是搞不清楚主要矛盾和次要矛盾，非得吹毛求疵,884,0.334722627,较为消极
死亡天使蒂法,2020/8/27 0:52,美日每年几百亿的公关费花哪儿了，相当一部分就花这儿了,629,0.487466373,中立
不蒸馍也不扶,2020/8/27 1:03,回复 @死亡天使蒂法 :要命的是这种鬼话还总有市场，我寻思美分最猖獗的时候我也不觉得中苏曾经交恶是我们现在放弃毛子这个盟友的理由啊，就离谱,575,0.969997906,非常积极
你来比奇堡我等你,2020/8/26 23:18,巴基斯坦亲兄弟？你想太多了。不过呢，也没有那么差，朋友比较准确。,5900,0.525799821,中立
燕云沧浪客,2020/8/26 23:32,其实中国和白俄罗斯、塞尔维亚这种反而比巴基斯坦更好,317,0.963322458,非常积极
睡眠不足的帕哈,2020/8/26 23:32,中巴关系铁最好，不铁的话…我觉得咱东风也挺铁的,477,0.951713785,非常积极
DDkingT,2020/8/27 2:30,回复 @幻泷笙歌 :回复 @幻泷笙歌 :我说的话有点冲 但只是阐述事情并不带有敌意   中巴利益相关这种东西  我初中毕业那年 喜欢在一起瞎扯蛋的同学们就都知道了  过了8年还是这套东西没有变  利益相关这种词  大家都知道  也都心照不宣  不需要去提醒别人  最近塞尔维亚还算友好   但白俄一个苏联解体时期 分裂出的一个畸形政体   你可以说它亲俄但他绝不亲中  本身位置特殊  对俄的态度都很微妙   白俄凭什么亲中  不能张口就来啊   中巴的紧密程度如何 我不知道  但不能随便来个国家都可以碰瓷中巴关系了。中巴友好这套东西   可能宣传的时间是太长了  大家有疲劳感新鲜感也消失了 需要从别的角度来看待这段关系   但不是啥国家都能碰瓷巴基斯坦的  不管在国际上还是在舆论场上   巴基斯坦算够可以的了   单在舆论场 不管多大的火药桶 大部分巴基斯坦人都在帮中国   这个帮助与当地宣传有关系   但更体现出的是民间态度   塞尔维亚做不到  白俄罗斯就更别说了   可以说塞尔维亚与中国友好  但更多在于官方而民间偏少  白俄罗斯那就扯了。就因为最近这段时间  白俄与塞尔维亚 才出镜了几次啊   塞尔维亚感谢我们后还遭到了反对派攻击   白俄罗斯则是因为内乱而且跟咱们有一点关系吗？   这都能超越中巴了？,36,1,非常积极
冬雪春与小晶理,2020/8/26 23:45,"怎么说呢？官方层面上确实靠的很密切，王骁视频里面说中国的核工业出口对巴基斯坦占到18%，我对此是深有体会，因为家庭原因长辈经常去巴基斯坦，给的规格和礼遇之高确实让人盛情难却
但是中巴逐渐走进其实是在1962年中印边界冲突之后，一波三折。整体上而言，巴基斯坦对中国人的感情还是较为融洽的。但是卑路支的问题真的很难以解决。",32338,0.999999898,非常积极
鹤这有卷卷的嘉云糖,2020/8/27 1:27,其实我感觉，他们自己真出不来天降猛男的话我们可以给他们装扮一个出来，不过前提是得先解决眼下的这些事情。。,293,0.28955749,较为消极
德德玛瑙鲁,2020/8/27 8:20,俾路支省是军阀统治，巴政府也是无可奈何，前些年俾省还在跟政府军打仗，这些年好了一些，但也不算安定，地方武装不少,230,0.081991343,非常消极
晓雾将歇h,2020/8/27 10:45,但我真的不希望有第二个“越南”,131,0.357906365,较为消极
zZzZzz丶zZzZz,2020/8/26 23:37,秦始皇最有前瞻性的是统一后统一文字货币形成统一文化 自从有了粘性,4864,0.99799023,非常积极
丶夜鸦寒毒,2020/8/27 2:33,其实也是方便管理,107,0.464285714,中立
浮生若梦jkl,2020/8/27 3:25,回复 @丶夜鸦寒毒 :回复 @丶夜鸦寒毒 :但不得不承认祖龙是有大魄力的人，书同文车同轨，统一度量衡，修驰道建长城，确立郡县制，哪一样不是牛逼轰轰的大事！,528,0.990829138,非常积极
七国挖矿真君,2020/8/27 6:00,"看纪录片 秦代还出现过 类似现代的三菱军刺的羽箭头，穿透性强，放血快，还有类似现代的高速公路 不过跑的是马车（类似把松软的土做成压缩饼干 机场跑道同理）

古人在某些方面不是他们NB  而是基操 
就像他们看现代人这些科技也觉得 NB",1495,0.993164143,非常积极
sapphirus蓝宝石,2020/8/26 23:33,借个楼，王骁大大能说一说如果中日韩自贸区真的成立能对世界经济造成什么样的冲击嘛，我在海外网上看到的大部分亲中派一直在努力推行，亲美倒是一直阻止，有了海上陆上一带一路，自贸区的成立有又带来什么呀,2996,0.999965025,非常积极
清风霽月,2020/8/26 23:56,应该是中日韩自贸区成立的话，贸易额就超过了美国，到时候谁制裁谁，还不一定呢。,912,0.723465774,较为积极
Sunset_Velvet,2020/8/27 0:07,成立自贸区，亚洲将成为世界中心，亚洲中心在中国，中国当场成为地球位面之子,657,0.999918528,非常积极
leexpjojo,2020/8/27 2:07,回复 @清风霽月 :是中国有人有市场。日本有高端技术材料。汽车。韩国么半导体。其实中日就行了。离得近。习惯中日韩,56,0.946626896,非常积极
楠木楠羽,2020/8/26 23:41,实话确实是实话，比那些网上的神言论好多了。感谢UP普及的地缘政治知识。很多人连中国地图和自家那一片都没认清，还好为人师的张口闭口教别人政治的人看看这样的视频才是真道理。感觉只要沾边一点政治，就很难保齐一条心。各方利益者统筹起来就很艰难。   庙小妖风大，池浅王八多。     小国的人最哀叹一件事，那就是大国真的碾压自己，不好好的站队，那真的判断失误百姓之灾。,1469,0.999999988,非常积极
寻觅的梦想,2020/8/27 8:20,连人都不可能是一面的，何况国家这个利益集合体。,36,0.592582768,中立
物之情性之灵,2020/8/27 19:59,互联网给林林总总良莠不齐的人提供了发声渠道，降低了交流成本，促进了多元思维融合，但副作用也很明显，随便一个没水平的跳梁小丑都可以大放厥词。他们的言论里都是些空洞无力的从新闻里听来的“伟大光荣正确”的词汇，没有资料佐证，裹挟着“正义”的偏见和独断，认识不到狭隘与无知，把反智当政治正确。面对不同意见不是去找论据反驳，基本就是扣帽子，人身攻讦，丑陋的性格一览无遗，鲁迅先生真是把中国人不堪的一面刺的透透的，看来得去再看看鲁迅文集了。,58,0.9999941,非常积极
幽岚碧泉,2020/8/27 22:26,回复 @物之情在物之不齐 :你说的这不堪的一面，其实放到全世界都一样，人性如此而已，只不过，即有先师已经指出，我们时时自省自身总是好事。,18,0.984615796,非常积极
s_leigh,2020/8/26 23:56,观评论区有感，一个个都在说什么利益啦感情啦朋友啦，说的你真的对这个国家有感情，在这个国家有朋友似的。中巴有同样的利益诉求，政治层面宣传友好很正常，国家又没逼着你跟他们进行民间交流，真正该合作的工程项目不都是国家在做吗？一些人非得在需要宣传国际间友好互助的时候摆出一副高贵脸，嘴上喊几句“没有共同的朋友，只有共同的利益”blabla，就你懂？所有人心知肚明的事非得出来唱反调显得自己多遗世独立似的，是不是ky，你要是在正式公开的场合说这话是不是欠打？,5447,0.999999916,非常积极
油炸硅基仓鼠球,2020/8/27 0:13,只要是跟中国关系不错的国家就会有一堆人这么说～你都不知道他是故意出来抖机灵显得自己独醒～还是纯故意,721,0.764404417,较为积极
星辰耀龙,2020/8/27 1:21,回复 @水无月Beilling :就是瞎刷装13的,88,0.079919266,非常消极
告白前的橙子皮,2020/8/26 23:17,咋感觉大叔了很多,1186,0.917855138,非常积极
回家吧杰洛,2020/8/26 23:18,婚后老男人,218,0.625039102,较为积极
Alexh230,2020/8/26 23:22,你不知道他自称阿伯？,91,0.165156084,非常消极
告白前的橙子皮,2020/8/26 23:25,回复 @国际交流会Panda :哈哈哈，阿伯，albert的谐音梗吗哈哈。,82,0.959325931,非常积极
特X型反应装甲,2020/8/26 23:39,"说实话，哪怕巴基斯坦内部分裂，对于中国来说都是绝对的有利可图
毕竟巴基斯坦最大的敌人是印度，一切的要求和合纵连横都是为了和印度对垒为前提的
至于很多人担心的利益不均和可能的背叛问题，其实大可放心
要被背叛的前提是印度死无葬身之地（否则巴基斯坦自保都非常困难）
如果今后巴基斯坦一定会背叛，但前提是印度会灰飞烟灭
在座的各位可以自己思考下，这个生意是划算还是不划算.jpg",1201,1,非常积极
SDASDD10,2020/8/27 0:54,你就不怕这两亿人变成难民潮到处跑吗,82,0.320137834,较为消极
特X型反应装甲,2020/8/27 1:07,"回复 @SDASDD10 :比起难民潮不更应该担心印度这片地区相互用核武器MAD么
难民潮是基本不可能出现的，因为那样的话整个中亚地区大可以躺平等死，顺带把印度也给弄炸了
到时候怎么会才两亿难民哦
再加上中亚这地方的地理环境，集体性的自然淘汰恐怕才是最优可能发生的事情",78,0.999064058,非常积极
shaaark7ii,2020/8/27 2:00,回复 @SDASDD10 :一堆难民能穿越昆仑山来嚯嚯中国吗？真的扯淡,50,0.030327113,非常消极
湮没碎片,2020/8/26 23:21,只要印度还比巴基斯坦强，就还能铁,1185,0.990017707,非常积极
策电飞霆,2020/8/26 23:27,要让巴铁不铁，印度至少要碎成七块,63,0.942582828,非常积极
宫申伊,2020/8/27 1:39,每天都能收获不少黑名单人员,2,0.173928955,非常消极
Zzzz717,2020/8/27 4:01,咋还拉黑啊,2,0.192712344,非常消极
白钰舒,2020/8/26 23:24,"国与国之间，没有永恒的朋友,只有永恒的利益。——初中历史九年级下第16课。",3539,0.999933132,非常积极
卫凌玥,2020/8/27 0:00,高中政治必修二第二单元专门有一课来解释，标题就是国家利益至上。,475,0.442922363,中立
斧頭,2020/8/27 3:14,"我的课本是19年12月印刷的。。。找了半天没找到。。。
如果是丘吉尔的话，我看到的只有“铁幕演说”。
算了不找了，碎觉了
有同志找到了可以踹我一脚，顺便说一下多少页哪个地方吗
感激不尽",98,0.000264766,非常消极
差不多是废柴了,2020/8/27 6:49,回复 @卫凌玥 :国家利益是国际关系的决定性因素,23,0.992451355,非常积极
射击猎半藏,2020/8/26 23:39,"说加快“某某”进程的部分其实有点鹰酱思维了。
好的事情不单要结果好，过程也得好。
不干涉内政这个原则不能随便越过的。
可以让他们找我们，但是我们不能主动去找他们。",1034,0.790956581,较为积极
大萌叔,2020/8/27 0:18,根据对方的需要提供帮助和按照自己的意愿改造对方是两码事。,74,0.594094254,中立
李叁月,2020/8/27 1:53,的确是   up也说了   在人家需要的前提下给予适当的援助  这种做法和鹰酱还是有很大差别的   毕竟随意干涉别国内政和在对方需要的时候拉一把是两码事,160,0.990999809,非常积极
村夫OG雷,2020/8/27 6:50,对啊，这些人被西化了，别忘了中国是社会主义国家，中国最高的政治纲领就是马克思主义，而他的实质世界放全人类,31,0.999967324,非常积极
江中明月,2020/8/26 23:27,中巴可不是亲兄弟，可以说是朋友，或者说是利益伙伴,116,0.436095896,中立
许范嘉,2020/8/27 6:14,国家之间哪有亲兄弟，最多利益捆绑而已,8,0.937175547,非常积极
唐-纳-德jcw,2020/8/27 9:35,"“巴铁”是个好理解的宣传词汇，直接跟你讲国际关系利益往来，没有多少人完全懂，说巴铁你就懂了，中国和那个叫巴基斯坦的国家关系不错，省事儿效果好。
“没有永远的朋友只有永远的利益”这句话听烦了，正常成年人都应该知道的道理非要拿出来强调显得自己很清醒。",27,0.999998475,非常积极
在银河上飞翔的白天鹅,2020/8/31 18:48,回复 @许范嘉 :同一个主体民族两个政权还是可以的:美国跟英国，俄罗斯跟白俄罗斯,0,0.998971132,非常积极
游客A186,2020/8/26 23:32,结论怎么有点妄图干涉内政的意思 怪怪的,1563,0.682549555,较为积极
雨里雨里,2020/8/26 23:52,巴基斯坦请求我们帮助 不是我们主动要求去的,415,0.642646311,较为积极
Sakura爱你哟,2020/8/27 0:48,回复 @雨里雨里 :黎巴嫩部分人民请求法国代理他们国家，并不代表全黎巴嫩人民的想法,21,0.98432528,非常积极
青鹭bili,2020/8/27 13:22,"不谈政治，说件民间的事吧。
我在意大利的一个小城游玩的时候，去一家小店买了个kebab吃，里面的老板问我们是不是中国人，我们肯定了之后，他突然兴奋了起来，说他自己是巴基斯坦人。那样的神情，感觉像是在异乡偶然见到了很多年没见的老朋友一样。
我想，不管政治上是怎么样，巴基斯坦人对中国人始终是有一份特殊情感的吧。",124,0.999999417,非常积极
谎絆眼,2023/8/31 11:28,结果从2021年开始，很多巴基斯坦种族恐怖分子就开始袭击中国人了？,0,0.997748038,非常积极
青鹭bili,2023/8/31 13:18,回复 @谎絆眼 :所以那是种族恐怖分子,1,0.783426819,较为积极
无籁的无奈,2020/8/26 23:18,相互利益一致的时候 情深似海,1094,0.990872972,非常积极
87372437,2020/8/27 0:03,美帝和我们最大贸易伙伴呢！人家和你情深了吗？台湾主要靠大陆生意的收入他和你情深了吗？日本韩国也是中国最大的贸易伙伴，美国对中国宣战他们立马能与中国宣战！情在哪里？？？,335,0.997777313,非常积极
代-W,2020/8/27 0:31,"回复 @87372437 :舔美 舔台 舔日 哈韩的前几年这么多。情不就在这吗？
我是认为这个情说的是我们的情，当初叫人老大哥结果转脸就叫人苏修。咱们很实在的。",239,0.73594151,较为积极
光铭不用果,2020/8/27 0:32,回复 @87372437 :国与国之间关系本来就是看利益的,27,0.555659206,中立
上官萧安,2020/8/27 3:36,我呢，刚高中毕业，准备上大学，我想说说我的看法。首先，我也希望中巴是真正的兄弟，但是的确不是真正的。就像上世纪中苏关系，铁吗？太铁了，核弹都敢教，但是因为中苏是兄弟就教核技术乃至个个方面无死角的关怀吗？我觉不是的，是因为当时要对抗美国，是因为中国若对苏联造不成威胁。我觉得现在中巴也是这种关系，要是有一天巴基斯坦强大了，投向美国了，那他会不会成为下一个印度呢。其实我觉得国际上只有一句话是永远不变的，没有永远的朋友，只有永远的利益,126,0.999999864,非常积极
账号已注销,2020/8/27 7:10,你要是明白什么叫共产主义精神和苏修，当时苏联全方位的帮助中国还真就是为了共产主义精神，只不过后来苏联放弃了共产主义精神和理想，变成了一个以俄罗斯利益为主的红色帝国罢了。,69,0.999997695,非常积极
戒不掉白日梦,2020/8/27 11:35,如果你将来大学里有巴基斯坦人，最后不要轻信他们，和他们交朋友。留学生尽量远离就好。,12,0.999465953,非常积极
上官萧安,2020/8/27 20:38,回复 @40230290535_bili :不懂就问，苏修是什么意思啊,0,0.031408334,非常消极
消耗6银币改名,2020/8/26 23:42,最后说的太理想化，小心惹得一身骚。不该抖机灵别抖，小心有人断章取义。,1111,0.058850657,非常消极
芒熊本熊,2020/8/27 0:06,最后真的是。。。一言难尽。。。个人觉得最好别帮。主动帮了涉嫌干预他国内政。应邀帮了，帮不好怕不是也一身骚。。,218,0.668318212,较为积极
章臣,2020/8/27 1:36,我们不干涉他国内政，但是在一些涉及其国内无法解决，且需要国际社会调节和帮助的时候，中方会尽最大可能给予相关可行性意见及人道主义援助，以维护和谐有序的国际秩序，促进国家地区间的安全与稳定，推动国际社会的友好交流与和平发展。,115,0.999997947,非常积极
ヴィエルリットソース,2020/8/27 2:40,回复 @芒熊本熊 :早就帮了，第三次印巴战争打到后面，要不是中国给印度压力，巴基斯坦得输的不知道多惨。哪次印巴战争中国不卖武器给巴基斯坦？,21,0.999998105,非常积极
次元墙总是那么遥远,2020/8/27 3:22,巴铁铁不铁我不知道，我只知道评论区人均政治大神，我想的就很简单了，国家跟谁亲我就跟谁好,110,0.988283381,非常积极
大家乔四爷巨无聊,2021/3/3 16:20,没错,0,0.389973541,较为消极
我没带盐,2022/6/21 11:43,一样,0,0.526232782,中立
速溶哟,2020/8/26 23:27,不铁也要“铁”，这个是重要的国家战略，当今世界，有哪个国家是真正的铁，都是利益促进而成的,888,0.999901802,非常积极
BOOM刀锋战士,2020/8/26 23:52,听过美日很铁。,13,0.91349188,非常积极
钢铁轰鸣,2020/8/26 23:56,阿尔巴尼亚真是我国外交史上的一个教训,91,0.930098461,非常积极
又闻_,2020/8/27 8:53,回复 @祝所有up都有一副好肝 :这，怎么回事，不太了解,1,0.722829096,较为积极
翔lin云,2020/8/27 1:56,外交上的场面话，居然有人当真，我是没想到的，怪不得美国说一切为了自由民主也会有那么多人信,154,0.237891591,较为消极
耶律阿保机071,2020/8/27 10:07,哈哈,2,0.526232782,中立
应该人,2020/8/28 4:26,还挺对这么一想就没毛病了。,2,0.722096121,较为积极
吃清淡点吧,2021/6/12 9:23,毕竟人多  出些傻子也正常  喷醒他们就还有救   不喷醒他们别人枪抵他脑门上还巴铁呢,1,0.992604068,非常积极
红烧清蒸酱爆醋溜,2020/8/26 23:50,不管巴铁铁不铁，国家关系其实和人一样，救急不救穷。只要不把美国按下去，中国对巴基斯坦只能接济而已。只要中国的国际地位和话语权超不过欧美，就不说回头CIA整活搞个政变啥的把你投资都给充公，就算你投资成功了，巴基斯坦人民站起来了，他们也能说你是在经济殖民。,292,0.999999919,非常积极
战术空降,2020/8/27 9:19,不干涉他国内政其实只是政治手段，不是祖训啊，真就学明朝祖训治国不前进么，支持战争地区武器禁运条例的是五常，结果在战区只能五常卖武器，国与国之间没有什么是绝对的，一切的手段都是为了国家利益，苏联做不成不代表我们不行，中国想提高国际地位就得拉小弟，美国就有世界最多的小弟团，干啥都一堆小弟后边壮声势，联合国军一出马除了中苏就没谁敢说个不字，我们整天发钱就拉了一堆墙头草，不如教他们如何发展（社会进步），有共同发展方向才不会轻易被资本势力拉拢。,80,0.999997715,非常积极
野鹤菌,2023/1/27 1:22,是清朝,0,0.944444444,非常积极
想想樱川九郎会怎么做,2020/8/27 0:06,评论下面都是说不要干涉别人内政云云，问题是如果中巴经济走廊因为巴基斯坦的“三座大山”一再拖延，也会影响我国西部的发展和扶贫，都知道三座大山对人民的压迫，却还在任由“三座大山”压迫巴基斯坦人民，天安门城楼上那句“世界人民大团结外岁“呢,568,0.999999996,非常积极
夜宵红豆,2020/8/27 1:26,对的，我们是信仰共产主义的国家，怎么能到了需要表明我们信仰的时候个个退缩了呢。再说给他们提供一个大的指导思想供其考虑剩下的让他们自己根据的社会状态去调整，算是给个选项，也不算干涉内政。,88,0.99996515,非常积极
怪我咯丨丨,2020/8/27 13:34,不能直接干涉的，我们还没有到那种强大的地步，直接干涉会让别的国家害怕，让他们觉得中国和美国一样，到处打仗的世界警察，暗中呢，咱就不知道了,7,0.962038228,非常积极
我才不是坏东西,2020/8/27 22:45,回复 @星星眨着眼月画问号 :别瞎扯淡,0,0.378533427,较为消极
剑气森森,2020/8/27 1:14,这么多人相信不干涉他国内政啊，不过也确实没当年输出革命的能力了，被废的差不多了。输出革命是历史必然，否则共产主义之于资本主义就像积极抗疫之于群体免疫，太难独善其身了。,123,0.999998825,非常积极
高翰文,2020/8/27 12:41,有时候得考虑他们其中一方变强了会发生什么，比如越南就是个教训,8,0.768706155,较为积极
极北之森的乌洛波洛斯,2020/8/27 16:45,回复 @我是金花啊 :越南是南越、美没有持续影响，巴基斯坦……印度的存在目前很稳定,2,0.999521763,非常积极
唆鳖司机,2020/8/28 2:53,回复 @我是金花啊 :一个不听话的红色越南总好过反共的白色波兰或者乌克兰，最起码意识形态不敌对。,5,0.773822301,较为积极
DrHHB,2020/8/26 23:20,印度不分裂，他敢不铁？,354,0.231660762,较为消极
海底有鲸鱼QAQ,2020/8/27 9:01,印巴矛盾由于宗教问题是难以调和的，毕竟两国宗教你应该也懂，而印度又比巴铁强，所以巴铁需要大国的帮助与印度抗衡，巴铁背叛的前提是别国能付出更多去搞印度，不然巴铁基本是不会光明正大搞事情的,7,1,非常积极
DDKV2,2020/8/27 10:25,毕竟两边关系反复过好几次。老巴中间找过苏联，找过老美，试图平衡中国的影响力，但是最终发现，两家都把自己的位置放在远低于印度的层面上，这才死了心,42,0.999927843,非常积极
今屿为心,2023/2/17 23:52,回复 @DDKV2 :因为他们的潜力的确远远不如印度,0,0.852345285,非常积极
站在遠处看童年,2020/8/27 9:16,共产主义的目的就是为了解放全人类吧，穷则独善其身，达则兼济天下，古人早就给我们说明白了，现在我们的能力上去了，邻居家里有困难，需要我们帮助，我们帮助一下也是可以的，毕竟强国不仅仅需要靠发展，也需要拓展影响力啊，自家家门口不弄稳固肯定是不行的。,62,0.999999997,非常积极
吸尘器ex,2023/6/10 20:01,看满离，翻了这么久终于翻到个还记得英特纳雄耐尔目标的兄弟了,0,0.816775217,非常积极
花枪大叔,2020/8/27 0:14,说是有“干涉内政”的嫌疑，但欧美bb得还少吗？听蝲蝲蛄叫还不种地了？,473,0.498149436,中立
调理劳务系高材笙,2020/8/27 4:54,人家想骂你说话不算话，你就不能学美国做个无赖，说一套做一套吗？反正别人骂你又不是一天两天了，你就当放屁呗。,13,0.197202147,非常消极
weiqijun,2020/8/27 9:37,就好像刘备和曹操，不管内在原因如何，当初所声讨曹操的罪行作为刘备你就永远不能碰,2,0.999522732,非常积极
滑稽护体警告,2020/8/27 10:02,巴基斯坦这种情况，只能内部大革命，改革不可能干的过利益集团。,2,0.483568579,中立
那顽石,2020/8/27 6:59,非常不喜欢巴铁这称呼,85,0.857245903,非常积极
小k不要停,2020/8/27 8:13,巴勒斯坦哭了,4,0.682611822,较为积极
UPXIM卅十士,2020/8/27 9:23,讲个笑话我一直以为巴铁是指一条铁路hhh,7,0.101330027,非常消极
GY观世,2021/5/27 21:16,回复 @小k不要停 :巴西？,0,0.90273822,非常积极
逍遥天下游,2020/8/26 23:19,巴基斯坦感觉太不靠谱了，国内还有不小的恐怖份子势力，让他掌握核武器太危险,939,0.055266017,非常消极
英特倷雄耐尔,2020/8/26 23:34,"想多了，任何国家掌握核武都是至少经过5常之一的默许才行。
巴基斯坦是为了平衡印度才给的核武，五常默许，因是中国的小弟，所以由中国给予。
当初卡大佐将这事捅到联合国，让五常的面子不好看因为这事是默契，大家都这么干，但是说出来大家都不能好好玩了",788,0.954619618,非常积极
顺其自然gsh,2020/8/26 23:53,回复 @英特尔雄耐尔 :所以卡大佐，gg了，得罪五常，还活什么,46,0.090942357,非常消极
爷爷泡的茶不太好,2020/8/26 23:20,铁不铁再说，解放军的大炮倒是很铁,73,0.837786059,非常积极
洗j精,2020/8/27 1:27,你为什么干不过一楼,0,0.128066546,非常消极
侧颜控_诗,2020/8/27 7:27,虽然道理都懂，可类似内容视频底下一群人总在刷“国与国之间只有利益”，总感觉哪儿怪怪的。不得不让人想起来某些群体最爱讲的论调“应该反思为什么全世界都针对你”、“你看看跟你友好的都是些什么国家”。两厢结合之下不得不让人怀疑动不动就刷这个的人的动机，,344,0.985578173,非常积极
FFF-scxl时纯小刘,2020/8/27 7:46,他们喜欢当理中客唱反调，那时候你就吹他就行,37,0.710462668,较为积极
MIBN,2020/8/27 8:15,0202了还有反思怪,19,0.736699363,较为积极
侧颜控_诗,2020/8/27 8:27,回复 @MIBN :可太多了我们越是被人针对，这种论调就越高调,15,0.059600574,非常消极
琴棋诗画书酒花,2020/8/26 23:36,最后说的太刺刀见红了，我们是不干涉别国内政的，他们承接点我们的转移产业，建几个血汗工厂其实也挺好的，别的就算了吧，管不了。时常在想，要是没有中国，巴基斯坦该怎么办啊，太乱了。,92,0.959830474,非常积极
Sherry-AH,2020/8/27 2:53,王骁意思是就像当年共产国际帮我们一样，不是学美国,34,0.982524494,非常积极
八拾贰,2020/8/27 0:59,如果巴基斯坦走社了并且发展起来了，那无疑是一击响亮的耳光抽在西方资本主义的脸上，说不定又能掀起一股全球赤潮，那中国的国际关系说不定就盘货了呢,15,0.890524344,非常积极
醉青阳,2020/8/27 8:03,回复 @此世之仁 :大概就是愿意学，我们就交，但是不强迫不主动，不军事威胁，还是以经济贸易和援助为主，当初对周边国家都是这一套，可惜一个都没撑住，全和美跑了，但是咱们也没直接出兵干涉，这就可以看出来，我们输出思想，但不支持搞分裂，也不出兵，只是在经济上支持一个合法的亲中政党，有点像苏联和我国开始的关系，有支持，但不控制，毕竟我们受过苏联后期的苦，所以对控制这一套是不喜欢的。,12,0.999976143,非常积极
杜梨Dully,2020/8/27 1:05,一群刚看完科普的键政大师急着在评论区里教国家做事,528,0.989661909,非常积极
封不觉嘿嘿嘿,2020/8/27 7:42,宪法赋予中国人参政议政的权力，说错一点也没事，起码开口了,108,0.8603605,非常积极
泥卤兜大水牛,2020/8/27 2:06,真是愚蠢，你不发声，“别人”就会替你出声。你这么想省力气，应该去看流量明星，中国几百亿水军大都在那，不需要你亲自发弹幕和留言,86,0.744914188,较为积极
杜梨Dully,2020/8/27 9:17,重点不是能不能，而是为什么张口就来，懒到不肯更多找些资料，就急着发表意见，这和让小学生做高中题有什么区别？不是不能发表意见，而是张口就是暴论，什么帮着统一印度和吞并巴基斯坦，连常识都没有就来宣泄情绪？,80,0.182411768,非常消极
屈年伯起自矜,2020/8/27 3:53,中国古代王朝强的时候一堆附属国，弱的时候各种五胡乱华，谈什么朋友有比自己拳头铁实在的。,56,0.994588483,非常积极
GY观世,2021/5/27 21:18,晋：别骂了别骂了,1,0.393362775,较为消极
嘉然今天吃拉康,2020/8/27 1:05,全世界无产阶级需要联合起来的，联合无产阶级是干涉内政吗？,355,0.897816454,非常积极
Sherry-AH,2020/8/27 2:54,对，王骁意思是就像当年共产国际帮我们一样，不是学美国,86,0.982524494,非常积极
嘉然今天吃拉康,2020/8/27 8:28,回复 @夜汤圆 :共产主义革命不同于其他革命，共产主义革命是无产阶级向压迫他们的资产阶级做斗争，然后实行无产阶级专政，达到社会主义社会的高度，这是社会的进步,60,0.998066321,非常积极
嘉然今天吃拉康,2020/8/27 10:21,回复 @哦哈罗 :资助啥呀，目的是宣传思想，让人民自我觉醒,14,0.883614928,非常积极
cs_holder,2020/8/27 1:50,还需要多铁啊，难不成像日本韩国那样给美国当狗才算铁？国家之间讲利益的，巴基斯坦这样可以了。,83,0.947450564,非常积极
大家乔四爷巨无聊,2021/3/3 16:19,终于碰到一个懂事的人。巴基斯坦确实帮助了中国很多,6,0.979249333,非常积极
璃间雪-kroe,2022/7/2 19:39,那不是铁，是当狗,2,0.50084147,中立
我想你不懂我,2020/8/26 23:17,没有永远的朋友，只有永远的利益,3741,0.894942517,非常积极
南极鲻鱼,2020/8/26 23:20,巴铁可以让中国不通过马六甲海峡抵达印度洋，对于中国来说战略位置极其重要，这大大缩短了从中国到印度洋的距离,879,0.999950019,非常积极
若草菜叶的青梅竹马,2020/8/26 23:21,至少他们民间不是那么反华。这点是值得肯定的。,366,0.881603085,非常积极
账号已注销,2020/8/26 23:20,高中政治讲过，一切都是因为国家利益。,95,0.978522976,非常积极
看橘猫化缘,2020/8/27 9:55,弹幕里越来越奇怪了，和美国谈感情，和巴基斯坦谈利益，看来美国在中国的宣传投的钱越来越多了！,225,0.968952665,非常积极
Lion_Ray,2020/8/27 14:48,和美国、日本谈感情的多得很，我简直要笑出声来。,34,0.887552281,非常积极
应该人,2020/8/28 4:28,回复 @Lion_Ray :我觉得日本是中国的仇人，美国是全人类的仇人。,17,0.97072524,非常积极
寒憬,2020/8/27 10:04,我倒是认为这是漂亮国有点忽悠不住中国人，开始启用预备队了,16,0.55945538,中立
第三帝国少将,2020/8/27 3:13,我这种普通网民的视角也不知道现在是不是到了干涉的时候，但是共产党是有解放全世界这个天职的，以及就许漂亮国全球搞事布局，不允许中国拉一把自己的朋友？至于说国际影响。。。看看海对面，国际影响最大的来源于还是实力啊。,49,0.997639277,非常积极
固化剂得到,2020/8/28 0:20,肯定没到，中巴中国贸易顺差一百多亿，你去干涉还可能贸易逆差不说，到时候中巴经济走廊还会被巴基斯坦的爱国主义者破坏，中国只要不考虑当殖民主义的帝国就别考虑干涉别国内政，豪强和平民谁上台对中国有影响么？还不是只能和中国做生意,3,0.996740303,非常积极
沉默无言159,2023/1/25 0:59,谁给你授权的，是想接着走苏联的老路啦,0,0.528654364,中立
Esson_H,2022/4/10 17:44,当初某些人老是说骁哥夹带私货，现在好了，肝帝、科工力量越来越水，王骁直接走了，对我来说就剩亚洲特快可以看了这期视频就明显夹带些许私货，但观点鲜明，证据有力，这都有人骂，那如果都说的是大众认识的东西那还有什么好说的不就像其他节目一样拉了吗...,49,0.999934575,非常积极
几经-南墙,2022/4/11 0:58,肝帝量大，有时候还是不错的会输出,0,0.918993477,非常积极
毒葯蜜糖,2022/4/10 17:48,肝帝还算好吧，隔一段时间爆发一下，科工嘛,0,0.82280022,非常积极
一心憧憬N,2020/8/26 23:17,国家之间应该没有完全的友谊，大部分都是利益关系吧？,1045,0.988113856,非常积极
兰色的兔耳朵草,2020/8/26 23:27,"不看利益只看交情是没脑子
不看交情只看利益是没良心
国和国没那么单纯",488,0.347643592,较为消极
い朝田诗乃に,2020/8/26 23:34,"中国一直沿用“伙伴关系”定bai位双边关系du。其名称主要分为：伙伴zhi关系、全面伙伴关系、合作伙伴关系、全面合作伙伴关系、战略伙伴关系、战略合作伙伴关系、全面战略伙伴关系、全面战略合作伙伴关系、全面战略协作伙伴关系等。中国社会科学院当代中国研究所研究员王巧荣表示，上述关系之间的差异并没有明确定义。
战略伙伴关系指在双边或多边国际事务中，在重大国际和地区问题上，相互协调、相互配合、相互支持；全面伙伴关系涉及伙伴国间共同关心的所有问题。
建设性战略合作伙伴关系：美国

战略互惠关系：日本

全面战略协作伙伴关系：俄罗斯

全天候战略合作伙伴关系：巴基斯坦

全面战略合作伙伴关系：越南、巴基斯坦、法国、巴西

全面战略伙伴关系：英国、意大利、西班牙、丹麦、马来西亚、非盟、葡萄牙、南非、白俄罗斯、印度尼西亚、阿根廷、委内瑞拉

全方位战略伙伴关系：德国

战略合作伙伴关系：韩国、埃及、印度、土耳其、斯里兰卡",211,1,非常积极
ailihx7777777,2020/8/26 23:30,人人心知肚明说出来可就太搞人了，不要给我说什么误导小学生之类的,70,0.156154923,非常消极
Mvas12381,2020/8/26 23:30,天下熙熙，皆为利来。天下攘攘，皆为利往,54,0.360059123,较为消极
樱井梦华录,2020/11/17 1:58,外网集体喷中国的时候，不知道拼命帮中国说话的巴基斯坦有没有想过利益啥的,19,0.895533589,非常积极
大家乔四爷巨无聊,2021/3/3 16:17,回复 @樱井梦华录 :就是，就是。别的不敢说，但是现在的中国跟巴基斯坦确实是友好的建交关系。希望朋友们不要被一些视频带跑偏了。,10,0.907007378,非常积极
QAZwhy,2020/8/26 23:39,回复 @无敌的睡了 :史记,4,0.825133025,非常积极
中國南方網友,2020/8/26 23:36,"咋说呢。。。虽然不像某些人说的那么铁。中巴关系也不至于啥也不是吧
咋跳出来这么多利益党。。",210,0.70498779,较为积极
慕和夜,2020/8/27 9:00,多半是中学生装逼（不歧视中学生）以为人人都需要他们来提醒这种浅显的道理，可是他们偏偏除了这一句话又说不出其他更深层次的分析话，到处刷就很令人厌烦。,80,0.156309627,非常消极
东风导弹请签收,2020/8/27 9:07,这是两个国家，更是十几亿人，我们没有多少人懂巴基斯坦的语言，巴基斯坦也没有多少人懂汉语，受过教育的人很少，那么有一句话就很对了，非我族类，其心必异，巴基斯坦几亿人，不是所有人都把中国看做朋友，只是想利用中国，即使有很多巴基斯坦人把中国看做朋友，我们仍然需要担心。,19,0.999999997,非常积极
慕和夜,2020/8/29 0:44,回复 @科幻世界中的魔法师 :幸好从小就不爱说很多话，没留下什么幼稚的言论，不然现在回头想想以前初高中甚至初入大学的想法，真的是幼稚尴尬的很还是得少说话多读书多看报啊。满瓶不响，响起来也会是稳重的声音。,9,0.999758629,非常积极
草木善良,2020/8/27 3:48,当初英国强行划分的巴基斯坦和印度，所以印巴很像，你看印度什么样？物化强奸女性，本人支系的巴基斯坦留学生学长第一次见面就敢对我动手动脚，兄弟姐妹们，请小心并多加转告啊！谢谢你们了！好人有好报！软妹子受不了他们那套的，我当时都女汉子生气了，他才罢休！,56,0.999880885,非常积极
像傻子一样开心吧,2020/9/21 11:46,真恶心,0,0.126016095,非常消极
有且不仅有,2020/8/28 10:28,保护好自己，警惕外国人,0,0.892557366,非常积极
理工丁真,2020/8/26 23:26,个人认为巴基斯坦如果没有印度带来的压力，跟中国关系也不会很好，记得以前巴基斯坦跟美国关系不错，现在我觉得中巴双方有共同的利益和危机，所以站在了一起，至于未来，还是那句话，没有永远的朋友，只有永远的利益。（有错请指出，谢谢？）,249,0.999999999,非常积极
玲珑青锋,2020/8/27 0:09,"每次看到有人刷“没有永远的朋友，只有永远的利益”这句话来形容兔子，我就想笑。。。
5000年的中国，2000多年的朝贡历史，就留给了你这句英国人的话么？
“存亡继绝”这个词的意思了解一下？这可是周朝就开始的行为哟？",140,0.999993107,非常积极
黄金比例煎饺,2020/8/27 0:49,不会一堆人不知道美国为了讨好印度背叛巴基斯坦背刺一击吧。之后巴基斯坦举世求助，中国援助，防止巴基斯坦被印度灭国。,50,0.998640044,非常积极
刻师傅刮痧记,2020/8/27 0:54,回复 @玲珑青锋 :我就记住了天下熙熙 皆为利来 天下攘攘 皆为利往,34,0.755710445,较为积极
肥臀少年,2020/8/26 23:16,大家好，他是王骁,143,0.883901365,非常积极
启明大学士,2020/8/27 2:30,观察者网，不待也罢,2,0.590547146,中立
账号已注销,2020/8/28 14:44,懂佳宁:打的就是你,0,0.747588295,较为积极
21丶命运,2020/8/27 13:39,回复 @Bright小七 :大胆！龙王在此！你竟然口出狂言,0,0.709790345,较为积极
Hermetist19,2020/8/27 0:01,156是志愿军替苏联在朝鲜半岛跟美国人干了一架换回来的。巴基斯坦要么也替我们跟印度去克什米尔干一架，要么就好好出钱，没钱就出租地皮港口。想白嫖？就算真主同意我们都不同意。,144,0.594666448,中立
名花嗨咯英,2020/8/27 8:01,很残酷得告诉你，156项目不是免费的，是中国拿物资换来的。至于你说的抗美援朝？不好意思，人家连援助的武器都跟你算钱的。,68,0.178891047,非常消极
名花嗨咯英,2020/8/27 9:19,回复 @捷尔任斯-基 :你不会真的以为苏联能仅用三年时间就能给一个大国建设一个工业体系吧。有这个天顶星能力，那该解体的，应该是北约。,27,0.906347279,非常积极
名花嗨咯英,2020/8/27 9:23,回复 @捷尔任斯-基 :说句不好听的，苏联自己都没有一个完整的工业体系，过分依赖重工业军工业，民生工业长期残废，这也是苏联解体的一大原因之一。真不知道怎么传着传着就是苏联给予中国完整的工业了？,17,0.999953733,非常积极
卡卡塞西亚,2020/8/26 23:51,说好的不干涉别国内政的，这个还是要谨慎,69,0.639867855,较为积极
sunzheeng,2020/8/27 0:21,我的军理课老师说：原则问题可以灵活掌握，以本国利益为主，区别主要是你我知不知道罢了。,74,0.987799477,非常积极
朔原雪,2020/8/27 1:11,不会吧不会吧，现在还有人相信国际关系是和平的吧？,25,0.684504667,较为积极
阿毅毅毅,2020/8/27 0:55,没想到还在有人信了,23,0.471079319,中立
珠湿兄chanceux,2020/8/27 7:47,把国家关系拟人化是十分幼稚，还信以为真就是愚蠢至极。,161,0.443742744,中立
烤糊炸开的栗子,2020/8/27 10:09,"中国帮非洲修铁路，
非洲没钱付款怎么办？
拿那边的自然矿产资源换算成钱",43,0.455046743,中立
孔沙鹊,2020/8/27 13:51,回复 @静河泞雨霜 :人的情感也可能变质，父子反目成仇，爱人一拍两散。但绝对不会有人傻到在感情还维系的时候说，“对不起，情感都虚无缥缈的，你不要对我痴心妄想。”国家也是一样。在有共同利益的时候，不去团结他国，反而拒之门外，“对不起，我们之间只有利益，你不要想别的。”那不是傻子是什么？,20,0.999990057,非常积极
烤糊炸开的栗子,2020/8/27 10:08,"说铁哥们儿都是抬举了
铁哥们儿的地位是平等的，
但是包养关系是不平等的。",16,0.996350228,非常积极
Kirkera,2022/7/24 19:31,别的不说，在外网有关中国的视频，巴基斯坦的人都很友好，经常🇨🇳🇵🇰的，反倒是俄罗斯，官方嘴上说友好，俄罗斯人私底下却经常发一下无脑言论抹黑中国,43,0.99771762,非常积极
鹿笛尔露丢,2022/9/25 2:24,因为俄罗斯人自认西方国家，大多数都很亲美亲欧,8,0.999750314,非常积极
小猪饭团和番茄炒蛋,2022/9/4 1:36,绷,3,0.666666667,较为积极
WJR01101,2020/8/27 1:02,政治越界可不是好事，看起来做的是好事，但这是潘多拉的魔盒，你可不知道会有什么后果会在将来发生。,142,0.887244312,非常积极
粉是吃的不是用来拜的,2020/8/27 6:18,支持这个观点，我们只建议他们的学生来中国学习，然后回去建设自己的家乡,17,0.986757358,非常积极
TOMS等櫻,2020/8/27 13:21,回复 @游戏玩家憨兔 :授人以鱼不如授人以渔,4,0.984377892,非常积极
唉呦呦呦呦呦呦,2020/8/27 16:33,回复 @TOMS等櫻 :授人以渔别赖在别人家的渔场就好了,3,0.401891377,中立
叶色男孩,2020/8/27 22:12,"看了这个视频后，我也巴基斯坦留学生朋友聊了一下了解了一下他的观点，整理了如下几条
1.克什米尔中大概有百分之60到70的人支持克什米尔留在巴基斯坦，30-40%的人希望克什米尔独立
2.俾路支人并不想独立，但是依然有些恐怖分子在他国（印度）势力的支持下进行破坏活动
4.对于中国人去巴基斯坦，巴基斯坦的军队会提供很好的保护，他们的老师都在告诉他们和中国的友谊比海深，比山高
5.伊姆兰·汗在他们心中是一位很好的总理，当初在选举时他们也在国内发视频支持伊姆兰·汗
6..虽然中国比巴基斯坦富裕，但是他们并不想要无偿的援助，他们想要的是双赢的合作项目
感谢大家能看完这个评论，希望巴基斯坦不要成为中国人最熟悉，但是有最陌生的国家，在了解中巴友谊的同时也了解一下巴基斯坦的其他方面",42,1,非常积极
叶色男孩,2020/8/28 10:28,回复 @固化剂得到 :？？？,0,0.406904657,中立
固化剂得到,2020/8/28 10:33,回复 @叶色男孩 :？怎么变成回复你了，额，我这是评论.....,0,0.150699511,非常消极
散人LD,2020/8/26 23:35,我国不干涉他国内政，感觉你的想法太张扬了,104,0.998041417,非常积极
弈尘oo,2020/8/27 0:55,回复 @流河lxl :六七十年代是我国输出价值观的高峰，后来这几十年都是做生意了，赚钱重要,53,0.989848292,非常积极
求索天地间,2020/8/27 1:23,回复 @流河lxl :60年代，法国五月风暴，美国黑豹党，日本赤军，印度mao主义，南美革命，3m的旗号是瞎说的？,35,0.999964632,非常积极
打翻一个大西瓜,2020/8/27 1:05,回复 @流河lxl :上世纪国外一堆人是老毛粉丝,30,0.665699952,较为积极
凌曦云上,2020/8/26 23:40,别总纠结别人是不是跟你真铁，你要细算起来，除了你爸妈还有谁是真心为你好的,45,0.980393544,非常积极
L兮洵,2020/8/28 2:59,说实话，有的爸妈也不咋靠谱，还是靠自己吧,1,0.353030633,较为消极
诶嘿_得囔哒哟,2021/7/14 17:16,开普省刚发生对中企人员炸弹袭击。这个国家的结构性矛盾依然突出,34,0.952115232,非常积极
账号已注销,2020/8/27 8:11,等等，不知道你们看过270梁红的侣行(很有名，可查)没有，实地去巴基斯坦旅行，巴基斯坦根本不像传闻中对中国这么友好，中国旅客去那里要办一个证，分了好几期的人去骗钱，我看过一些vlog也有一些up主说巴基斯坦对中国的态度和传闻中不太一样……说这么多不是为了和热评对着干，是想说国家与国家最重要的还是利益，不要太相信一些传闻了,33,0.076417237,非常消极
东江选锋,2020/8/27 8:02,有些人就是反动势力，发表反动言论，干扰舆论！中苏即使交恶，依然可以买苏联民航机，比如安24（运七）、安12（运八），即使他们知道我们买回来其实是做军用机。而在东欧剧变后，美国人单方面立即终止了对华军事合作，能用于军用的东西都不卖了，已经交了800万美元订金的波音234（民用版CH47）也不给了，还要没收订金！真不要脸！要不是波音为了开拓中国民航机市场而反对没收订金，中国就钱物两空了！美国人毫无信誉可言，无耻流氓至极！,42,5.48E-06,非常消极
知可为与不为,2020/8/27 13:56,说实话，这期有点其心可诛了。苏联时代全世界现代文明都闻革命而色变，更何况苏联解体后的现在了。本来 现在中美冲突就是国际关系核心，中国压力已经极大极大了，目前的外交也在积极争取欧洲韩国等一切能争取的朋友，就算不站中国，也不要死心塌地站美国。已经到了博弈关键期了，这时候你敢输出革命？全世界就敢孤立你，最起码欧洲韩国等发达国家绝对第一个跳出来和你划清界限，到时候真的成了世界都谓之可杀。所以说，这种想法绝对是其心可诛，能得到的利益就是个芝麻，但是承担的风险却是一卡车西瓜。,37,0.999998061,非常积极
转子发动机,2020/8/27 14:13,从未输出革命，助其进步，不要过分解读,0,0.995503585,非常积极
账号已注销,2020/8/28 14:49,你以为王晓不懂吗？  他故意说这些的,0,0.884148641,非常积极
marines-XIAN,2020/8/26 23:21,就是个亲中周边国家而已，也仅此而已。邻居关系和睦，但是绝不会有血缘亲情~,41,0.999850812,非常积极
喜欢桌游,2020/8/27 2:23,有血缘的，反的你更深，越南，韩国，朝鲜，蒙古，有血缘吧，你看看一个个跳的,29,0.970308897,非常积极
kgb00018,2020/8/27 9:54,湾湾有血缘也没见得收回来了啊,9,0.558236836,中立
Umika灬北方,2020/8/27 5:27,回复 @九媱的滑稽又掉了 :本来就不差，之前因为萨德的事情弄得有点关系不好，但还是比其他国家好,8,0.010844677,非常消极
第欧根尼之于狗,2020/8/27 14:03,"观察者网是上海观察者信息技术有限公司和上海春秋发展战略研究院联合主办的新闻时评集成网站（online news and comments aggregator），旨在以即时综合资讯和特色原创内容为全球中文阅读者提供时政事件的深度报道以及思想领域的全面解读。 

业内定位一直是一帮想当国师的人办的民间媒体啊，主要迎合民族主义倾向，而且断章取义造谣国外的新闻还挺多的，真是官媒的话这样搞早被批评得不行不行了

而官媒，哪怕是被很多人吐槽环环

介绍也是：

 《环球时报》（Global Times）是由中-国-共-产党中-央委员会机关报社人民日报社主办与出版的国际新闻报刊，创刊于1993年1月。原名《环球文萃》，1997年改名为《环球时报》。2009年4月20日，《环球时报》英文版创刊，这是中-国第二份面向全国发行的英语综合性报纸。也是唯一向国外传达符合中国基本国情综合新闻的一份报媒。 

看出区别了吗？

有编制，体制内，才是官媒啊。
        ——转载于豆瓣鹅组的饭稻羹鱼
(另外，上上个世纪民族主义最频繁的区域是在德意志，与其同个时代产生的还有共产主义，德意志地区也是当时受剥削最严重的地区之一)",42,1,非常积极
固化剂得到,2020/8/28 0:24,"我个人感觉我是民族主义者，但我坚决反对输出革命干涉别国内政，所以别把锅甩到民族主义者头上，嗯,打个比方就像希拉里说她是女权主义者，特朗普说他让美国再次伟大一样，只是个幌子反而真正的女权和爱国者躺枪",4,0.995652505,非常积极
行无江,2020/8/27 14:09,顶顶,0,0.125,非常消极
断弦曲,2020/8/27 10:46,啊这……今年不对劲啊，各种苗头都出来了,29,0.714411357,较为积极
银翼九尾,2020/8/27 10:53,早就感觉观网不对劲了，后面有踩底线的意思了,4,0.503378477,中立
遥遥遥铃,2020/8/27 12:49,是啊，最近舆论风气相比前几年有点怪怪的,4,0.956611442,非常积极
断弦曲,2020/8/27 11:30,回复 @银翼九尾 :嘶，该不会要乱了吧，我其实不懂这些，但我总觉得这两年要整事了,2,0.054519091,非常消极
Aksuizen,2020/8/26 23:40,骁伙这话有点变相控制那味了，我不认同,134,0.102272511,非常消极
王骁Albert,2020/8/27 0:57,建议了解一下尼泊尔这些年的政局，和“境外影响”,98,0.24205119,较为消极
在洞里点火,2020/8/27 0:26,回复 @風は吹き草低 :中国援助巴基斯坦核武器的时候就打破了和平共处原则了，说到底还是看利益,52,0.733393394,较为积极
腰马合一二仙桥,2020/8/26 23:58,这就是话语体系不在自己手里的结果。怎么说都感觉是在狡辩,37,0.144886397,非常消极
可乐使劲加冰,2020/8/27 10:12,就怕官媒整天巴铁巴铁的宣传，把自己人给忽悠进去了，每次都痛哭流涕大喊巴铁真好，尬的人牙疼,41,0.827404755,非常积极
bili_94054456972,2020/8/28 12:36,我们与巴基斯坦目前来说还是好朋友，巴铁的宣传也确实没有错在政治方面，巴基斯坦国内人民对中国也确实比较好，像在推特YouTube上面帮中国说话的好多都是巴基斯坦人。目前我们想与印度改善关系是不可能的，而巴基斯坦还是我们的好伙伴。宣传巴铁没什么。,8,0.999999843,非常积极
GY观世,2021/5/27 21:26,回复 @bili_94054456972 :国家本来就是以利益为主，巴基斯坦这样的就已经很好了，算的上是朋友了，所以那些人还是太挑了,3,0.946950496,非常积极
油炸鼠条吖,2020/10/5 21:32,"美帝整天宣传自己自由民主
这次疫情把自已忽悠了",1,0.026714744,非常消极
光影孪生,2020/8/27 0:10,输出革命不能是现在……这是完全挑战现有国际秩序。除非新冷战彻底打起来了。,33,0.994492383,非常积极
铁拳无敌孙正义,2020/8/27 0:36,输出革命有很多种类型的 不一定就是直接的底层暴力革命 内部军事政变也挺开心的,8,0.999997992,非常积极
Sherry-AH,2020/8/27 2:58,王骁意思是就像当年共产国际帮我们一样，不是学美国,4,0.982524494,非常积极
巡礼者_,2020/8/27 1:07,经济基础决定上层建筑,1,0.473767218,中立
懒de看看,2020/8/26 23:46,最后一段，可能讲的有点不那么好我国，绝不干涉他国内政但是如果他们需要基建或者其他的，我们愿意提供相关帮助,36,0.991722238,非常积极
